0.5086376004597015	0.8980076558578579	0.8434087500512724	-0.12076391854177784	-0.3705586756659363	0.583904413096589	-0.32094640625244064	0.3255760746601982	-0.21206127056367716	0.6766872461678295	1.3865188510995465	0.4467676512082284	-0.19361668496878912	0.6793939990450901	0.20664580494532125	0.2455672206650287
-0.15068810648369213	-0.07113789797758306	-0.2526666267678411	0.03551032963692617	1.4539522372551275	-0.22427901441585743	0.5218794906697429	0.37648830604331895	1.3164982816591442	0.28016307912674854	0.3090999161054525	0.4185376103222765	0.039798736226517584	-0.23359617483258152	1.0135259681505924	0.8651024044442154
0.46765765369391876	1.238846471421819	0.532213798619938	-0.23049710499341902	-0.07240214594358445	0.4081383156630851	0.18673548233133477	0.3260634569867848	0.15860701878775488	0.5660269152377261	0.9747233440310625	0.6118276535228617	-0.1471244274809126	0.6807579459843041	0.2066977807364027	0.34040653422740397
0.49896609742799314	0.7440716110013268	0.6259359844956914	0.0017027967802798888	-0.1769430827668379	0.3238119156446082	-0.3205663817708133	0.34747347989193816	0.37740296881263435	1.022655376880006	1.6512075090531266	0.37720251211223693	-0.19345986397869708	0.5728043341736649	0.3022482060288102	0.310188500196994
0.5808648512975896	0.5450211954407803	0.8187075069450164	-0.002627629390542688	-0.3706417081329265	0.8802001908177017	-0.3206155598338989	0.32658289072857366	0.05240452743253898	0.5009694141922749	1.4417290863474719	0.39612139701871907	-0.19353704532983257	0.5499286088668516	0.2068974446069547	0.246034023269367
0.7777412624406732	0.5453133764559244	0.8212688102758314	-0.16316495938342784	-0.37072582741598525	1.2898709586026667	-0.32042704815040823	0.5017536118694955	-0.2759636513994734	0.35523454653722253	0.9870168302554299	0.4533622293971721	-0.19339407030918143	0.5138856930730364	0.20672849511489705	0.24572158885290657
0.3362784706704652	0.7746982134323455	0.5452476888679056	0.07043126692166629	0.3134609748963172	-0.08803717210223397	0.41845649569925647	0.3270573735821851	0.9775627161669482	0.5567402029988586	1.1087184706851037	0.5721339869087205	-0.028765845736947925	0.43393339736983666	0.38874756543746936	0.49584898350405304
0.31035680878622807	0.9067659208550773	0.46870972620857987	0.031443358744600525	-0.0313825166463524	-0.15430739822204365	0.18946930323758837	0.3265042124499862	0.949593424802753	0.9162244500335113	1.5941669707587938	0.44579511175659925	-0.08679311237415858	0.5063433200540897	0.2068297353400018	0.3422566364273502
0.2568041302406931	0.9127945263354641	0.34432474145415914	0.051256078415366016	0.1624895394944519	-0.2241286679456491	0.17912869800216874	0.3271490524970784	1.0578193491089753	1.0522189113309806	1.4953168287134855	0.40740825080942644	-0.1155737674769397	0.5030437156807716	0.2071966873252767	0.3835694792745695
0.3599545067620424	0.9636982294340286	0.5049147675486317	0.07054503409529447	-0.26891621667156995	-0.14710020383654537	-0.2581455509755776	0.3266965052580312	0.5609300984725232	1.1847655006719005	1.633568652935962	0.3222507530856734	-0.19350989391753887	0.6168563703311583	0.20653671652566313	0.24541868949510892
0.3573321315322777	0.6568099289547176	0.49402943734892296	0.07693240237468651	0.3297630597673012	-0.11589813564117582	0.4482252376280582	0.3262152494043084	1.0215670539355095	0.5770982872936369	1.1579314076741674	0.5438635635723432	-0.03858141109571138	0.4037585497758688	0.39525955697315546	0.48801308700123347
-0.12622552228277745	-0.0712088162412473	-0.2385175189837364	0.046162421327282335	1.5033484274054545	-0.22474656931586248	0.5324633459536076	0.40216686647484573	1.2094520431150237	0.27590724446330633	0.4146926273255304	0.41647744149451793	0.02849044231379584	-0.22495530884977172	1.0477421742859248	0.8840552704460323
0.3695848964593656	0.9895648907169412	0.47120358889598835	-0.025090228931273467	0.1009763292419123	-0.12406106690430355	0.22026739136376966	0.3254274810343923	0.8990525125488498	0.9444656727297817	1.421883468350183	0.5202952383199317	-0.08041792118663257	0.5344445440302152	0.24534025055112055	0.3966944794321954
0.5004937931810136	0.7956980831561379	0.8668668464049409	-0.0625486818396329	-0.37097054727726825	0.5240901164451821	-0.3207106225047543	0.3259481349594659	-0.10739013076720201	0.6206134328669926	1.5036528632804411	0.4263348800877105	-0.19360920782884078	0.6342649906038829	0.20687643619868282	0.2446703342208282
0.387088308561707	0.5640627248729347	0.6317586061791886	0.07950205872637678	0.470585237437799	0.030459967331672486	0.5063098126337174	0.32880127047072905	0.768485188201214	0.3571740421199713	0.8232985122775411	0.5515064725505384	-0.0037104351856756743	0.41465231392011304	0.4863123877689609	0.5162152152949087
0.43634628257658437	1.063903750227543	0.7791891169350096	0.0009414141580466467	-0.37077735378075033	0.20461538285760264	-0.3203629294694265	0.3264091620025086	0.07202180255599677	0.9002868947592404	1.5286872468701798	0.3871444178902146	-0.19358252218280095	0.7391439774898404	0.20677183072493857	0.2456932435117186
-0.254968884734249	-0.0712450102041821	-0.25230152862293304	-0.06252946435064245	1.6695695291639168	-0.22464128052029825	0.5270440949347368	0.5303410670791104	0.5678725645252514	0.04568442219792027	0.263031443228542	0.4269016794005828	0.02836335806835588	-0.23349832067966225	1.239205088057671	0.9891297256588971
-0.25515467443874484	-0.07077629059593978	-0.25242554924878563	-0.022540328781878463	1.676993689157178	-0.22458082358629083	0.5188352394596236	0.5052008147903888	0.8792439472122053	0.04550103771920552	0.16843567805442541	0.3812052119405209	0.05395280945408566	-0.23354761132805452	1.1961306997379002	0.9164851594936257
0.4726699990211313	0.6848482320348193	0.658982935482572	0.07328795472341779	-0.37083494243006826	0.4147361483703105	-0.32069696787845886	0.32628273441523836	0.36426056424895675	0.9770464927590659	1.7074754166940818	0.34449029179624285	-0.19358475847338724	0.5694129581787416	0.20698976739083735	0.24559291951126325
-0.25523925676905646	-0.07107968443178414	-0.2525834487422068	-0.020393493638422078	1.7314343703716595	-0.224722856093668	0.5151496930301674	0.5479840898010803	0.5920884075848769	0.04565421663237836	0.16857071611061272	0.37884528846201826	0.057220882230498024	-0.23379535827078057	1.2479803677688306	0.9431737513345172
0.38411728065423856	0.8869147367546466	0.4222893061703913	-0.041328122517332824	0.2521385131704391	-0.15072378085737145	0.274479748602393	0.3260212677738396	1.0146011002724986	0.8888641351758191	1.3737942701310715	0.5403747996088644	-0.06360579088529383	0.4662616748685595	0.2793883751145469	0.4216627738546389
0.6623668787373194	0.5731607491691955	0.8397953139313904	-0.12939953721019448	-0.370536874013958	1.1139229465667757	-0.3205785036361525	0.37607579417510606	-0.23243681316136236	0.34044423586997885	1.1833255775656761	0.4467238304128346	-0.1932789269418709	0.5484038517768309	0.20648771124950868	0.24622600981381454
0.354364960625147	0.41635280743620895	0.5967317876106906	0.14906919350891748	0.46834521190342115	-0.038543094975713565	0.5159517055974787	0.32541628139005196	0.8418584374479038	0.4153233271712583	0.661424810384004	0.5038774283784115	0.02670574630378865	0.4009557765348071	0.5111842402063693	0.4871307172708448
0.4050491032697222	1.1940545745371882	0.6553503139296829	-0.0484051439620147	-0.37035888177871323	0.036579537743394314	-0.04522034288568788	0.32623578871693937	0.2907208393652586	0.9523530915810006	1.475054256152899	0.3928488211904553	-0.19346711216114545	0.7310231735806219	0.2070606597753	0.24598269719105095
-0.03457182768488387	-0.0710399896552393	-0.20013573806253	0.0312227991049603	1.507321390565664	-0.2245110415288212	0.5223628801911793	0.4003539728396905	1.1658420268549157	0.3458473269261849	0.40979655682209004	0.4287231523436771	0.0392022019160837	-0.19312384776110117	1.0491836886912234	0.8808922209970047
0.3175134412410834	1.010399893150617	0.47220127073269835	0.024963558518567477	0.01626506522223785	-0.1483092031768251	0.19106718103318387	0.3266759569219523	0.8929834957093628	0.9852743012358016	1.4769502387838356	0.4664577502324793	-0.104436315222098	0.5757932355728363	0.2066939372022878	0.3704003857152439
0.3510879975494789	1.1823059605420196	0.6704812473348849	0.015888224298785655	-0.3708763413764703	-0.008309923002507519	-0.09833940659559516	0.3261843639611115	0.3142361422562616	0.9660994381126711	1.5302249221276805	0.3600908822985317	-0.1936788764297663	0.7472654803399936	0.20692114347646084	0.24557474422203887
0.28704790028241944	0.1638824218808863	0.2532246154929644	0.125407768367621	1.1006623292582716	-0.2222236761666301	0.5106742094385983	0.36699035957261295	1.1985699812133408	0.5435996961456041	0.5157062308850134	0.4437827818407214	0.04258855884842823	0.16786153957876884	0.7316268509074559	0.6538323866520805
0.4558577701602185	0.8231275103698033	0.7613670217445883	0.047774235029358694	-0.37052021479658276	0.42599416044120836	-0.3208153605339232	0.32623168025509214	0.18487316494779868	0.8753835087389903	1.6394548877179627	0.365358021694412	-0.19337558369845367	0.6449618789323587	0.20687421698111755	0.2456867817177489
0.19749614888626224	0.5884427887058068	0.167059112407615	-0.053092328041069475	1.1254316997220704	-0.21270484287340335	0.4017842247988118	0.42820729224497983	1.128582666446066	0.5721692906025306	1.0529796131383105	0.5369203735003111	-0.04589967253396874	0.19157167062582056	0.745789564301867	0.7464840475339033
0.7722409556419112	0.5228014121249488	0.7896232188616714	-0.08979889817651995	-0.2904206008777881	1.1568910404954718	-0.3203697708047549	0.5029225626737771	-0.023617813822017858	0.472277163782052	1.133740905346274	0.43068436573748964	-0.19312266320906735	0.5109070126737961	0.24802028673947601	0.2747016831028054
-0.2132964287541697	0.5646109996086004	-0.25259776444983095	-0.16286861469076255	1.1623067685075745	-0.22417498980587938	0.28800199623753026	0.4083307614934716	1.2080810360084797	0.5002154909121113	0.9556147305421521	0.4855197244229502	-0.03758878676810959	-0.08496907296835664	0.8378619870699611	0.838844210044058
-0.24863374241004238	-0.07060329267810525	-0.25308237017201446	0.016242829166280323	1.5681219600779848	-0.22463599577472115	0.5280924041876833	0.43544101491886567	1.1486279041333323	0.10466520865785227	0.18752683962897435	0.3868302589965401	0.052491981225655585	-0.23399039296724108	1.1216062348086482	0.8913825288989294
-0.25502370823208975	0.4182699398252555	-0.25267338657227084	-0.1807672647174588	1.363361378401418	-0.22478969548309236	0.39450935168296797	0.4739023325315994	1.0741355880301453	0.21093201691819194	0.7981038380801383	0.5002965445901048	-0.04257506903244347	-0.130612273314871	0.9560550633690642	0.9056983160886637
0.47477682548044475	1.0528639051122923	0.35122614654877826	-0.2309196059705558	-0.12353777987255732	0.5957621573228681	0.16637895210415163	0.32593292130990154	0.2132899491692979	0.47849812982190865	1.1635174023955093	0.617160927661101	-0.11325583059056786	0.5972149844046017	0.20688420919993925	0.31543300930201057
-0.24366935893907363	-0.07107043587339562	-0.25231031639989515	-0.004858026610150418	1.6033647811083913	-0.22440839150349334	0.5302935811497776	0.4528374440220152	1.0807858583307044	0.06513994356880883	0.16882710438553028	0.39276618843672195	0.04948701671484601	-0.2335394793475352	1.1353362025473264	0.9033345353948978
0.26159843619037715	0.7529669298983864	0.31514602984307305	0.03434402622313479	0.3950180411753182	-0.224736524527078	0.29209811150702714	0.32660595040825874	1.2366232931128582	0.8562910659785916	1.3954196484986199	0.4839282966572165	-0.06449877821685635	0.3657776251232857	0.2988759421222858	0.4832526230651734
-0.25494052380011195	0.4330914501173346	-0.2524340418821887	-0.1642259943203169	1.3656253071069833	-0.22439328756657612	0.3971786726881502	0.46569434476556065	1.1196038741162448	0.212841094168045	0.7480295741889925	0.5118134434278824	-0.02919476831526544	-0.1393110874504058	0.9531251714913231	0.9075496957904822
-0.10892806051743084	-0.07070897914692327	-0.2436843832342329	0.09315317859414383	1.391499439975324	-0.2245680704016555	0.5239410712502668	0.3488799008617473	1.3646380751053226	0.3433545376918077	0.36264049100522816	0.39853653168147846	0.04448195322075031	-0.22708349079061263	0.971617862986847	0.8260369004341728
-0.0986271412385257	-0.07089862865211582	-0.23472601419520092	0.05757899431382374	1.5647210199841297	-0.2244811164700375	0.5108959135093624	0.39893556259850277	1.1003744912305602	0.2953078877540808	0.3013991694840232	0.3713507061753366	0.06769362544522262	-0.22159827717064903	1.1307411229256825	0.8708131426840254
-0.2549080814366786	-0.07100227517627498	-0.2529212362011993	-0.02192258216554961	1.621988427032945	-0.2243814310117124	0.5312945382334573	0.4791787526721366	1.0161685457661829	0.05179576691144256	0.16867253625464432	0.4002198145867645	0.04278509244805512	-0.23394408670321915	1.1510995256783096	0.9123907448707027
0.401592783641448	0.9726737765497115	0.4621436116571415	-0.013117869887328756	-0.22780615773805077	-0.15942396979239226	-0.08674650731207643	0.32640096642973865	0.6501477369568265	1.1695054118732346	1.6353881294218828	0.3535768111271835	-0.1934382871029751	0.5996033961596952	0.20674834047950277	0.24569579093907687
-0.2550728637975135	-0.07105597718873721	-0.25233563351177424	-0.02801210827391841	1.6954206808386378	-0.22465881334916937	0.5202870599196698	0.52136684324574	0.7826715730580176	0.045617566422052724	0.16875465586800342	0.385401395812603	0.052415983545965175	-0.23360303612898162	1.2160097828817085	0.9272480177802531
-0.2540252741597648	-0.04460507990210454	-0.25276347569461116	-0.032727266787967516	1.543946665779608	-0.22467636571882646	0.5273180485942646	0.4503130085398663	1.1753816053786779	0.09776894418316591	0.33105437263696447	0.4481093147406043	0.02554186368054412	-0.23385236357864228	1.0747518454184308	0.9209240063034131
0.46763347425202095	0.7792305661896903	0.5104931636918804	-0.00038518059379503977	-0.20272913205409365	-0.05125556138975364	-0.22263056358803415	0.3269616818164849	0.5954322857903014	1.1126225438539277	1.7234351331168927	0.36769558366696353	-0.19333076799346058	0.5458733351903994	0.20676934818133721	0.24580911890415794
0.41328626698241067	0.27038739127472244	0.36230401398094014	0.10414196781125483	0.8431584420241603	-0.1501165613381458	0.5143908164947055	0.3428863002401673	1.0835476538167328	0.6059991023176163	0.6528418634996624	0.5178171774660706	0.022084857513115314	0.26431197082735164	0.6225998783097566	0.5729579178587758
0.2789703398135409	0.800753377487277	0.283598216758551	-0.0341035183569566	0.6292972053574897	-0.19321311341337308	0.253540733818346	0.3712072303316886	1.1281629143930778	0.8801822454925059	1.3537285442871376	0.4891516290754869	-0.05949677231824796	0.3564302109556802	0.46120268343024995	0.578911190589976
0.48346211700329467	0.9872556816020628	0.4748184310949889	-0.21269361346113944	0.1796661688202791	0.4611626854438029	0.32774512190191896	0.32618743325367583	0.3614619327704003	0.2814835049259159	0.9030130447734768	0.7223073437127254	-0.05778030048172156	0.5353076329033295	0.32015327655788683	0.45107431022748373
0.1684813966698407	0.07331098799887803	0.11031942866286157	0.14865856721187867	0.9829562266170573	-0.2241697690662074	0.5151956001003353	0.3275379910983843	1.4516017123834848	0.5603942825443039	0.7615610205762166	0.449959174363819	0.019302818198591948	0.04717465547795634	0.6419367044148274	0.680670070367351
-0.2556094439187136	-0.07090491730896861	-0.25238750662506226	-0.06367788622910475	1.6899641874873814	-0.2247715053578924	0.5224492077823715	0.5447798770922991	0.7346042264762451	0.04557783491296276	0.23829455313148554	0.43072353748810743	0.032022110521599326	-0.23340805288415892	1.1697307166140922	0.9556618939088282
0.0967735448010496	-0.06010199575619096	-0.03360136331034415	0.16074526920979224	1.2427177952114494	-0.2242212228971917	0.514932329717712	0.33531840187429807	1.360814567985346	0.5027857795600927	0.4709292611551016	0.3771236491087677	0.05852645316691196	-0.06587584579734551	0.8561347420436916	0.7292430726450484
0.36616317887622885	1.0767294387633082	0.4441745355972865	-0.00294836983085367	-0.24178973772670928	-0.16849609332709387	-0.056217597143645937	0.326822890688184	0.6477806148205667	1.2002865825056932	1.554277669043918	0.34326026083795813	-0.19306370390008437	0.6287619724729543	0.2069814407133091	0.24643894362108182
0.1538656639053775	0.7588110735630127	0.2743073905564116	-0.13241084011452461	1.1114739605293913	-0.05597086734829697	0.35236001390644844	0.4971621326236304	0.7157410394921311	0.45205860228509887	1.0825200720368533	0.552309556538006	-0.06172516384028794	0.2882833377445185	0.8675688321728543	0.8087973523572366
0.18171662000028818	0.47921447486502267	-0.15993335898974761	-0.1183728266670809	0.6415688735424261	-0.10990038103303537	-0.3167040554759642	0.32626024773612317	0.7154315412747229	1.1033842552266075	1.3735661144567657	0.297412703921816	-0.19360638557798912	0.05862070572892307	0.640638757526038	0.5966414079631286
-0.2377133364591531	-0.07080362422203476	-0.25277417145448505	-0.022865315722304408	1.7259118210742326	-0.22468639585421846	0.5180231105211773	0.5331437429968282	0.6107520011118616	0.05787342933705784	0.1683751708648402	0.38028563679070854	0.05470296827261405	-0.23365524056420436	1.2481474318697852	0.938786294727449
-0.24690789992966436	0.3783352844767991	-0.2522097421546097	-0.14235303322555853	1.3119502192734056	-0.2245859873323395	0.40182532361162526	0.44320481138489964	1.1723157183706698	0.2479429570834525	0.8620004716778884	0.4840044531866342	-0.055817982194756144	-0.13079588806852308	0.9210252885046658	0.8920954481754386
-0.1820333867362	-0.06115527598719418	-0.2463027023298468	-0.01381332221501598	1.6954674390378126	-0.22229729539442455	0.5177825202320605	0.4923639195957047	0.7909792985174531	0.12132109248487137	0.17019329523553484	0.38956481139766314	0.0676840126700676	-0.22274683125220565	1.2331537682258304	0.9163660726521369
0.4782685638720001	0.5118202571415754	0.7812356670352878	0.06509589857455941	-0.3708531685249268	0.58712333337709	-0.32067625547647105	0.32681654620354883	0.23045730745403442	0.6978672318103853	1.6477541893181606	0.3634063474627697	-0.1934056890604403	0.5341681746849182	0.20682049807762237	0.2455957110408462
-0.23924938659843387	-0.07121275351736418	-0.25235529888551034	0.073929029517194	1.499696356506305	-0.22452047465696742	0.5393517327603384	0.4083989945351395	1.2501507975891706	0.1753088563437765	0.2589425275717352	0.3844549296059219	0.05182887890484296	-0.23342450599552328	1.0789260379933827	0.8732661559088025
0.39842677552712435	0.35636137079026864	0.48469348791599626	0.1403897785541607	0.5371813722077678	-0.09913768437854759	0.5070783904719531	0.32614803529778835	0.923524570030086	0.5616200997964808	0.5836582329355178	0.48436550912176973	0.04379807955111481	0.35248613727006006	0.5483761840972722	0.4755674286751514
0.45940214727972106	1.0514424441435688	0.7991220613772396	-0.08753210661821925	-0.3702805170508912	0.22264141844106516	-0.20975622285868165	0.3266542380047419	-0.014450420760856272	0.7388474631052145	1.4683654150315801	0.4226646108001343	-0.19323891834499118	0.715221223172761	0.2068087957049302	0.24595335873560456
-0.0778561048802165	0.02489328957022789	-0.12440694084532022	-0.05781517890030217	1.659101974511107	-0.15242338392540392	0.5277245452780599	0.5215392075876557	0.8006299869492748	0.13951357419400445	0.2359562972925292	0.47362315883050526	0.031300935942970315	-0.1255257696617082	1.1511408361285451	0.9276116953785808
-0.2551430690257391	-0.07077388256989402	-0.25253217095208763	-0.029519203424439713	1.70718948009536	-0.22448194607103278	0.5200692557767578	0.5333524820669724	0.7534247321570634	0.04537028240854894	0.16883200180992056	0.38852291808268313	0.05011878211412239	-0.2335535632610126	1.2045426986051238	0.9323361562916606
-0.11616402468997389	0.12783431348329416	-0.2525942326610237	-0.030722972863969703	1.4368898399353887	-0.22426341781260836	0.4958966469718375	0.4047617540300894	1.275815365117206	0.29786689776114544	0.616292443576245	0.4780198831699517	0.005977241252340532	-0.23368817356647467	0.9654078077487374	0.8889396426544015
-0.2553553591034178	-0.07063241122934032	-0.252416790293834	-0.05742293064920637	1.6093817920568658	-0.22471335016080696	0.5245830031632988	0.48082646237613197	1.0486791546697285	0.045391037792119136	0.19845785525561918	0.43495898614923284	0.036788561794680014	-0.2333939238748396	1.1259004021698271	0.9291784063999542
-0.07563762203617984	-0.07112534720057821	-0.24076388864193585	-0.00968534037661764	1.539615115694295	-0.2245291754182035	0.5288040192827783	0.41149319295571807	1.1673123488345971	0.3098660523461851	0.31182706084719064	0.41165594914712106	0.035039778386572865	-0.2233757945277344	1.0496300484165273	0.8716445984241142
-0.25533320283677	-0.07088081966961823	-0.2522794549244194	-0.061828843236636274	1.6497729308861453	-0.22449703042357846	0.5311293725866618	0.526087379971506	0.5227524007627002	0.04567349103118641	0.29904032858084173	0.4223725820150602	0.036029522272195066	-0.23379475481956005	1.2652336926889869	0.9907582805599413
-0.25502981528018875	-0.0709341424333869	-0.2525186522602226	-0.020542039513982452	1.7149613680739475	-0.22456698664358785	0.5112248610955787	0.5327798909343003	0.503239103517982	0.0452580218737402	0.16841527905329473	0.37887232326904763	0.06500413486323717	-0.2337502873605543	1.3023349955395465	0.961222485277324
0.5214350682807674	0.5100983583567588	0.5384688681159936	0.05641365981443733	-0.24054282161186316	0.4334045710219526	-0.32050148676738766	0.32717236000128647	0.5343634151613761	1.049425936060316	1.6711816713571048	0.33729775238933835	-0.19327042990170318	0.4552408393285521	0.20690166261404916	0.2463038294849601
0.480181193765795	1.0047652752772291	0.7086132805553671	-0.2305689028612307	-0.37009357530249853	0.3166085879212956	-0.053468133817871744	0.3262363970241341	-0.017478035323415284	0.5661696821944606	1.2982474213813375	0.48125952292137364	-0.19284094119564954	0.6363325436954013	0.20677839662131361	0.2464472243615919
-0.253718302283997	-0.07107014042330344	-0.2527562213820715	-0.00849953572282873	1.5374370566916347	-0.22452551059232695	0.5331190970203896	0.44052423344720126	1.1894463827843778	0.11455391972584758	0.2931102579463577	0.4410005313219533	0.032920966238757274	-0.23366237805934967	1.0820099088931197	0.9187752190065819
-0.2503984480285253	0.325529702959678	-0.2529094196496775	-0.08357459092856667	1.3237203712085606	-0.22452770187802507	0.4463311371316036	0.4220743445750448	1.2812447315566313	0.22911840920890442	0.783932942875071	0.4923589764564436	-0.03392460691800156	-0.16563225734421083	0.9229622789463355	0.8965029456288828
-0.25547384745154	-0.07120161966336587	-0.2526489910017378	-0.020563471396371283	1.6437404844936818	-0.2247009430930879	0.5263147569447801	0.48231417767232043	0.9790491891395852	0.04542974551651456	0.1683753186612104	0.3823959931285386	0.05492709628802056	-0.233731001704707	1.1707546217900577	0.9119970258109432
-0.23770499849492957	-0.07139323789253703	-0.2528052584007045	-0.07065957532805943	1.6486560429390318	-0.22452769816937634	0.5252465588851074	0.5063386134529547	0.8977807145041307	0.054118615911478	0.29729516152828334	0.4367625818411438	0.025171346535700703	-0.23378932008065775	1.1377540905903865	0.9436449223441541
0.33879254844137147	0.6719994353535499	0.5602943849225368	0.04942464318534377	0.6843558825600233	-0.02858647322101794	0.4662276132516994	0.3900526667753985	0.8850511281518689	0.39787232315012017	1.0261664748703085	0.5580080204522282	-0.03500754038541134	0.41156229679238776	0.6008098326907534	0.6191217799322091
-0.24810929254943928	-0.0713527233344353	-0.2523450079888238	0.0026146385296908353	1.6710333563069812	-0.2247460165654839	0.5108054562864962	0.4819190170559099	0.9292744414693682	0.057225007458695194	0.16905920452617426	0.3596309284418738	0.06910521950383615	-0.2336448389600761	1.2034047955310718	0.898029035147325
0.3828511421408468	1.0394432456604923	0.7102540522512261	-0.03543165249474246	-0.3706114436106967	0.06799101441984516	-0.0025547899994410317	0.3263723912806806	0.34053480123497915	0.7596202465186874	1.5820390454367572	0.3880791213016506	-0.19369889315777036	0.6670036073707103	0.20705491631676406	0.245751956289635
-0.2549011864754591	-0.07086915613884014	-0.25238175380206623	-0.008654810659069992	1.6486519816826934	-0.22461125161089546	0.5315481844682804	0.4922759824716368	0.9536402324424802	0.052374002260947176	0.16983470523583533	0.3904639709910328	0.04799443571544654	-0.2335897138232777	1.1741016411417005	0.9112559698247089
0.2694608015480311	0.12477172314078816	0.24308214912502313	0.16477351758915984	0.8749650985153771	-0.2242809153057875	0.5097632420117726	0.3260993179784954	1.3163875675014307	0.6133778639009219	0.5828881154966317	0.4277474667709798	0.03638662790837653	0.15985300109403536	0.5877412352927247	0.5993208170446482
0.32789406807472365	0.876380973774148	0.5336495712348998	0.03622110481554905	0.4168807050905534	-0.09487775439635521	0.3634485730375167	0.35387142439447256	0.9609968768800732	0.6429695709625292	1.1890436098066903	0.5781661794572505	-0.02966888391539515	0.46108092356584457	0.4678868315054108	0.542834341367951
0.3594267709636766	1.105615643516289	0.6170583524558784	0.05928614375811922	-0.3700111554513506	-0.09767873525642731	-0.25184346071663916	0.3269374141144357	0.3559600638057144	1.1157424863719565	1.5833093932217401	0.34041188227143127	-0.1930151403987886	0.7160518743227167	0.20670619406920163	0.2466342936382517
-0.2552330992570133	-0.07113360136675077	-0.25235191635551113	-0.02859127895194466	1.7009884756794076	-0.22459159344668428	0.5199889095848733	0.5277996382640723	0.7806245293675063	0.04556307057255115	0.16868352526648037	0.38683465519346505	0.05093476201907375	-0.23351634580959163	1.2032405423092398	0.9293488326330026
-0.03738774391915732	-0.0704697670379621	-0.236774340488397	0.06404926806880142	1.3644290643880823	-0.22448619476020923	0.5133034379813504	0.33561944724843157	1.3870175032066658	0.40894171316551825	0.37970331974818855	0.42230538151328667	0.04574213473038706	-0.22397900090270356	0.9296772521954659	0.8117141275276604
-0.14928456742436808	-0.07102742288759796	-0.25235698245731414	0.03716053871138188	1.4613461674614765	-0.22460576398021814	0.5266258333785074	0.3813306458654796	1.3019744791423562	0.26953605280277554	0.38476058421343623	0.42735155698081284	0.03325674375692603	-0.23376398934319362	1.0125485882445846	0.8733952532069502
-0.024178103472742088	-0.07089565853553938	-0.1993514541065472	0.08226516973597137	1.3717422586199421	-0.22437918271864518	0.5209572125136358	0.3438980957527607	1.3649111734656079	0.40762836437898453	0.37793409175449544	0.40543089541868943	0.04283592050282893	-0.1955811159278194	0.9367177122197835	0.8072798900689594
0.3690687596474055	0.25645370776843335	0.3420873650684446	0.0954914385172799	0.7348499088692365	-0.20664990474087436	0.5012881382892442	0.3262071845861493	1.2015429641028463	0.6354685507941522	0.6990329719098712	0.5057222984867638	0.023164009203444136	0.25138340332737863	0.4981434853205692	0.5263401981310192
0.2338955167047792	0.7715654014819583	0.275314541651631	0.03807740509212132	0.11462433814766379	-0.2248225026350788	0.12784744884439925	0.32621513448004164	1.1045531552542927	1.047017991474988	1.6387739402324653	0.34932082416702487	-0.14013244024303906	0.40700617466183076	0.2414803800055274	0.36949036751112296
0.5856895809882462	0.8984209343903695	0.46153261333714807	-0.22999971334620378	-0.37062413990563964	0.7583400296035407	-0.19337810704835015	0.32730102485524365	-0.1521801080946761	0.46052799488173585	1.2885867993284257	0.5539303435575037	-0.19353729804980133	0.6231230424050874	0.20696394176977265	0.24577464158067194
0.18332391454421762	0.8272600164503352	0.15211459716033165	-0.05534161041633778	0.7523927900343332	-0.22463372220236194	0.20859819103568264	0.397770498351951	1.0351382843610928	0.984375368018796	1.3011162590864012	0.44222969730698564	-0.09872748856602451	0.34897302651095086	0.5180026271731927	0.6325723593018078
-0.25496595961559887	0.7092454965331075	-0.2523431451736006	-0.2101071620745028	0.9627887806394685	-0.22457720658485691	0.15113232729221368	0.4623306228339751	0.838770903382138	0.5879699702873629	1.0462865100528567	0.3737407720860795	-0.16307014669594783	0.06371104753481606	0.7956180794582004	0.7478406487022591
0.09910526586541267	-0.05155156791930796	-0.011915116268912895	0.16688541350758748	1.1570436752638187	-0.22468085770584248	0.5268958125350753	0.327544679767278	1.4233527814727487	0.5164847089085565	0.5117739795787323	0.4001002139084229	0.04187629948192656	-0.05052878819070855	0.7829078403206513	0.7175420934730923
0.3570265057537252	0.9304497241070221	0.6421787932494972	0.0010341167973083876	0.20678372989554855	0.022394693560483944	0.35969786332905584	0.3259433662010921	0.729861348801123	0.5211444205856419	1.2077234698532366	0.5766389711532938	-0.06031758299339738	0.539594607802844	0.33276589420059444	0.46032889008473293
0.6777376850419559	0.30969556486492966	0.49218159165498165	0.02124882738721441	-0.1731718486270255	0.7204498956127292	-0.3205796242217072	0.3801017220653547	0.5407210810038482	0.9386240062722864	1.4607495185245711	0.34295730078204806	-0.19356271437030545	0.36306329183025504	0.20685536928049839	0.24584584054777933
0.32257519772040605	0.8128905874640848	0.30613434930909567	0.003027204150457291	-0.0053726871858318925	-0.22449840665877324	-0.08152444184340871	0.32650473413872527	0.8734375288141667	1.1830590637870144	1.6468096459056947	0.2987857656431053	-0.19326833925056663	0.4630162131105847	0.2467360964710942	0.3324764338023734
-0.25526651557643165	-0.07071338617854458	-0.2525063719773594	-0.009110625740700623	1.7044710039242257	-0.22474962748567223	0.5178305934603837	0.5333602155154713	0.4387894696547422	0.04562562181126656	0.1683324427809498	0.36442525494687134	0.0870825995461558	-0.23366260081362644	1.3473433694349801	0.9590360352504574
-0.2551795121046363	-0.07098116185878728	-0.25303332075878476	-0.028878937928389525	1.7016060499634458	-0.2246138583052147	0.5207162770035638	0.5286543853289991	0.7709472534082232	0.04500064353050317	0.1682477876660513	0.3869506398735026	0.05025226330157302	-0.23370836601221312	1.204802835282754	0.9272162181958161
0.3431221774901203	0.41976471947445027	0.3760933038002454	0.10530464161227408	0.6032023857866211	-0.20381952929968566	0.4896004284642891	0.32562970000669206	1.2080129788409606	0.6086073213642169	0.960023879968612	0.5131335400330679	-0.011222659281069018	0.27341752700673116	0.4436910458350276	0.5047315783083349
0.025436724269328068	-0.018726518847881145	-0.0914131168934781	0.08207459248414957	1.3510923875792156	-0.22425707070191186	0.5245261829903463	0.3568442724026259	1.3549768441112229	0.4140090345349284	0.3999788413392081	0.4132234460750971	0.04025880612558119	-0.1088217764673754	0.914078373987553	0.7959813459488128
0.06508948926855831	0.08032658268015287	-0.02889551865461329	-0.01277211803872759	1.5391221183876085	-0.1103348190548407	0.5138978977278946	0.4124896213814434	1.0473028852824928	0.2799534594327078	0.17962963125250336	0.43457653817524905	0.06151497585082159	-0.06529068535875364	1.1072094496867781	0.8553029249770319
0.28763949675374983	0.34163055441198964	0.3697616764303162	0.10486335449122054	0.9541519639212931	-0.15658351539614834	0.5120226881257467	0.3820790781277547	1.1293569016503175	0.4989889640133435	0.8553465206875958	0.48846948629767545	0.008059332914265305	0.23905234786494023	0.729606444233982	0.6879561231805555
-0.2549682319113132	-0.07073125911237887	-0.25234698470473416	-0.025208019125403186	1.7247805918802448	-0.22463921929441744	0.5166279792194146	0.5475675130176193	0.5940515523694111	0.04529718360978791	0.16822180048582888	0.3845229712842148	0.05414546218457267	-0.23365922911833906	1.2463561793174671	0.9455371938304609
0.06136586588612257	0.5474589504452587	-0.14957642096512266	-0.09316218108639873	0.5323571975598351	-0.22432526920743368	-0.14212914423756878	0.33772852838051404	0.9418137712667125	1.0289336832464868	1.4657165726810149	0.2797824898725883	-0.19381071082442222	0.08536340330238379	0.6004033074279223	0.57272527238632
0.3614616921033399	0.34516022111934097	0.49004232537860454	0.16676884627259772	0.5060773812446335	-0.11516892767830189	0.5127432616085468	0.3264498067718454	0.976999819895074	0.5419417346830082	0.6092941560491174	0.4766663775983433	0.03585786455719216	0.35092609486339954	0.5323601873820744	0.48120080192073966
-0.2552326454382835	-0.0709529996885124	-0.2527528391324593	-0.012946603000878257	1.700786214774127	-0.22489685178097102	0.5135834241712429	0.525940051221713	0.42899631998251436	0.04575191770313125	0.16906824757071218	0.36923405914283414	0.08016399734767296	-0.23375030916970646	1.343735662827278	0.9697531270200509
0.18439956847088762	-0.012563102434414962	-0.02358500168372113	0.07904327443585868	1.2903884022380536	-0.22448618876129853	0.5188889477909688	0.33622927104586925	1.2863708819338333	0.5486205845417472	0.40857709077048054	0.4021211579559103	0.05309419453805367	-0.04992278516232057	0.8663717179192617	0.7361248719597612
0.5016041253446455	1.0613226255185237	0.5054312507108556	-0.23070619955466673	-0.37091975972124697	0.46653556441401245	0.04116106330478367	0.3256357321457664	0.05531859241467313	0.5347036451245581	1.2525572761477402	0.5294763618195147	-0.19344260012371012	0.6508562980398991	0.20671282709828523	0.2452945420987153
-0.2531921087161751	0.2976542610519398	-0.2525652087184917	-0.10128349590963631	1.3911169556123433	-0.22475314022124587	0.45491810854348824	0.43453221607813036	1.2528125956036296	0.17070326438973127	0.6551979751486938	0.5011982743386915	-0.01639236407434172	-0.1896409268327312	0.9622724394476413	0.9140114240599502
-0.18143861546483647	-0.07082792152162762	-0.2521007585444296	0.03422350503831979	1.5764356829233672	-0.22444138345281112	0.5276613638755137	0.4360668757252947	1.1132428201387423	0.2051171257984009	0.27752200261381793	0.4054324749538401	0.04098402073287287	-0.23351020504925102	1.1041693919532507	0.8912925633443093
-0.2553066786393875	-0.07105205945554079	-0.25271533881459174	-0.03095933246423352	1.7075239243875617	-0.22471798657473788	0.5180793273422035	0.5331485219782053	0.7424562106188665	0.045441067138267434	0.16837915404675427	0.391436379907336	0.05138950070226937	-0.23352605401176602	1.2105314540253582	0.9349831406196771
0.39061919755590546	0.9980552700947698	0.4230912819919631	-0.0020526226680505355	-0.14533121354561335	-0.2018745823662522	-0.1798947557264151	0.3265944555052011	0.627928309251468	1.2490227271131453	1.556927593903003	0.3365053957208798	-0.19336031478570725	0.5954308121614806	0.20658139811623238	0.24971983242303553
-0.04286480690131801	-0.07098235543820924	-0.24632405686167114	0.04431529354540455	1.3784453503190344	-0.2246698640810048	0.5303124072318909	0.340792178152239	1.3689995510288295	0.39992792786161613	0.42850400774486475	0.41618102052673195	0.031035512139299726	-0.23007857368979753	0.9356677161484006	0.8232671375370115
-0.25536336629977174	-0.07123516093036644	-0.2529285867380831	-0.04983989930944976	1.6774319481502822	-0.22450325861729684	0.5298615086600786	0.5296269376611754	0.5479756759187353	0.04532713609243871	0.20797636838030675	0.41119605411998117	0.03589180369131942	-0.23369106253784044	1.2571065404275705	0.9811327526404009
-0.029575490115671038	-0.06682041385409065	-0.1717662547044859	0.01567021696090043	1.543638683819295	-0.22459055886565304	0.5218089152508264	0.41195379925800113	1.1416351392146074	0.3353638534807171	0.2983699506956574	0.38621242550697876	0.0498540451820237	-0.16877877437606728	1.0621471296235474	0.8457663087172894
0.3563138504129445	0.9776167306552417	0.6153231018167322	-0.01105867976811492	0.15676351537527866	-0.013776839823453513	0.3143818535409665	0.326561159803432	0.7658172989694949	0.6241545096682319	1.2888362645698634	0.5687218711052479	-0.06191660660900797	0.5487889878241317	0.30791768928538155	0.4429127229600725
-0.22835486938798888	-0.07108530535801215	-0.2525551585079365	-0.017345963583363433	1.6882394773354399	-0.2243398321054711	0.5176955377671157	0.4919679960638778	0.8642971016455516	0.05884232177216799	0.1688493690453218	0.3736375378530764	0.05913931726173388	-0.2331705244823463	1.2026072005090636	0.9095558404763044
0.18883463745038867	-0.04204545251723965	-0.0033424824033768674	0.1322686128228574	1.2371733675173928	-0.22427639957583412	0.5165245129331251	0.33049889326123894	1.30761681576365	0.5640470314080015	0.4707401428658086	0.39936790072265366	0.053203507467210726	-0.03766963606366518	0.8307030663197041	0.7198281373022967
0.19723430879599194	0.462549022320196	0.09965472954288218	-0.00485153208615971	1.069537700445312	-0.21956103195777166	0.4395437641654628	0.35869302161908473	1.3504928827683442	0.5829583003662846	0.9272204861364878	0.5258893832091565	-0.015667720408476277	0.09208861750354604	0.6824839591435646	0.7354234979196423
-0.048837533673154646	-0.06917504989044228	-0.24412047009705756	0.04098697489546581	1.506431833715018	-0.2246410295280888	0.5220150976746227	0.36876513047639137	1.2131932889878156	0.34184937965437595	0.2829192663097343	0.4040613781280014	0.04988358185029518	-0.2236644275806474	1.0432798394206666	0.8468891133348018
0.45655485442683463	1.0032693015674772	0.3724384944283675	-0.06981734615084853	-0.07614077912505289	-0.12305877853486064	0.03359189757499792	0.32540859595349597	0.7018171694463426	1.2011028070108833	1.502771535997982	0.38666532567383066	-0.1935576963951914	0.5700297038431209	0.225431386407448	0.2730656907960303
0.34873488511612916	0.700752895627569	0.601528325804965	0.08368938908802634	0.3321204313671008	-0.03473076027116484	0.46143752962132384	0.3264456794752459	0.859136025726969	0.42910470186767147	1.0906401819598228	0.5474792537273896	-0.03355886558581667	0.4478598667237575	0.40441598170032056	0.48806044251933633
-0.2552171511767801	-0.07077974581375865	-0.25255871150889914	-0.009504869724393253	1.7402468588607736	-0.22463321795091998	0.5117124806396325	0.5477578335009421	0.6349176273221965	0.045133962635136526	0.16848338198346527	0.36536606947707595	0.06367645233315727	-0.2337861122024005	1.243121516896717	0.9250286579215048
-0.16252492212774128	-0.008864284769660072	-0.1572062368462884	0.026006834958859235	1.5735054680811142	-0.17618089660384106	0.51858147585359	0.42677019012142053	1.123488685612287	0.13355979599045312	0.1753184843197539	0.3959947244287508	0.06349370562262374	-0.16447262168513102	1.1311704380035033	0.8828530613018333
0.23980835412838591	0.19187852017179108	0.2690917662418404	0.12326190704961655	1.1673639786772494	-0.18309275804904385	0.5206616466432026	0.4079479924822803	1.1400925625251772	0.4779985154878508	0.5075329170229318	0.4485484014894146	0.03731142168409267	0.17674357949224287	0.8338360767994831	0.7064165053043852
0.37502333068990384	0.2550987398295009	0.3748725260804171	0.1363688141945271	0.7094829275935548	-0.1906276013784837	0.5120532171082287	0.3262058925193723	1.1214035204033943	0.6234777753113964	0.5866557744093785	0.4668440468624785	0.03633250479313861	0.27609034571759417	0.5311834860214578	0.48821329539311487
-0.2552152937669671	-0.07123143998065834	-0.252245768191187	-0.01333767932802872	1.6913080845446733	-0.22446423128837434	0.5173082266369812	0.5090298728880289	0.848540569500772	0.04553599506583479	0.16887456979322393	0.36924198300460837	0.060822453496084145	-0.23333947704941022	1.2064767401854528	0.9161197512111009
0.3586509346786848	1.0195058767064036	0.5788681869390457	-0.007045921134516894	0.09614110477960428	-0.04099143616747272	0.2556773793231707	0.32671184173635426	0.7796489736721075	0.7474177698076181	1.3761246267023546	0.5438439876304095	-0.061135297000366094	0.5567873746940459	0.2694598331316766	0.41184215621870723
-0.2550446354641658	-0.07095651672535566	-0.25239703597428403	-0.008912389238286786	1.7158886220926457	-0.22469903418195572	0.518374053106406	0.5434759163931848	0.47971794454040567	0.04536091685695316	0.16833560951604382	0.3639272336418163	0.08364359274650728	-0.23383908941925494	1.331065127567632	0.9405700573477374
-0.2551037676280192	-0.07105229821047176	-0.25243907938100735	-0.018314195832576777	1.725003303316802	-0.22439257546345628	0.5146123274222214	0.5421912909486147	0.5483858146372032	0.045599519848336	0.16863726071443452	0.37602758455632107	0.05844385467072824	-0.23359939003943622	1.2743975937008187	0.9520773806489365
-0.25534319778564535	-0.07071687288678923	-0.2526080786561449	-0.019393986290055454	1.7089658726750399	-0.22467058503625556	0.5147171494969054	0.5365346249451549	0.4955180603585413	0.04528482753225194	0.1684544931893336	0.3775739037061774	0.07154212808379737	-0.2334711785007357	1.3115661658016944	0.9579555815835346
-0.25496111026029306	-0.07109421956593794	-0.25262321423656536	-0.01404906296729884	1.7227173186681912	-0.22484944054261596	0.513686476585608	0.5391950896050556	0.5165983522055291	0.04564029420498069	0.1683645591543702	0.3707769863480985	0.06265478549502287	-0.23370782423468323	1.298506087407648	0.9507483767237648
-0.1380647671418595	-0.07116255803613987	-0.252355623610062	0.04999062126490045	1.4486966827121823	-0.2244069083410817	0.5241757380628118	0.3665980018826597	1.3117881130193356	0.29863801949965524	0.3083393809989958	0.39993274039052523	0.0444313292803684	-0.2338962290983935	1.0176083762139976	0.8515631628774005
-0.255223537513606	-0.07109099354728174	-0.252962351603241	-0.010316975503032622	1.6557722510052533	-0.22493686175725838	0.5205985492127919	0.48340453486168866	0.9538010844661757	0.045430069370789444	0.16858365913185647	0.368587965075974	0.061433239403736725	-0.23354109663037287	1.1898915691587253	0.9036743476891111
0.24346918452216793	0.08418681283398549	0.12390699959554768	0.10764917932333239	1.2805272036105277	-0.2245062884371617	0.5116000976087014	0.3681978746376663	1.1733155478374533	0.5259798548681164	0.4520899884243953	0.39311456125612537	0.060768639468508745	0.06631645511388555	0.8614106655153491	0.7042707023754486
0.3528225035137984	0.16613244037979008	0.20963162904781474	0.126306775225046	1.2146864141068563	-0.15457803478224597	0.5097276294032209	0.3701866969725322	1.071130724801314	0.558504925478714	0.4323834392361255	0.45029210750376875	0.056904773694389274	0.1471340358292228	0.7987736866743368	0.6661238181061941
0.362739234744881	0.3002052466024433	0.42450482234194753	0.13311998615733314	0.5794534177168007	-0.16318267788813146	0.512325947052306	0.3263766554564318	1.1120794383250072	0.5927011158541843	0.7929602237839398	0.500198089325035	0.012838328313011793	0.30921996253074613	0.48929022183964793	0.49368420803242163
0.38781223934191095	1.031317021570808	0.5618751889917841	-0.04947790090046861	-0.10568151951287098	-0.04893180985259114	0.16688388528541293	0.32517019083685544	0.6942126001008135	0.888153393413673	1.5259059409377391	0.48443891007479256	-0.10871114957482719	0.5858799822675713	0.20691746988769846	0.3239601250761118
0.3959590226925948	0.9487941955166733	0.6787021681311425	0.009317295207071696	-0.3706456027005658	-0.015400058939909186	-0.08553524568625065	0.32560011475911105	0.4423482410997521	0.8600694946926395	1.7047161126564356	0.36963697039926546	-0.19341120277455623	0.6312051865810092	0.20672661572465426	0.2454827268874419
-0.03510197634856929	-0.07138378980757448	-0.18748690550869737	0.17172768686722303	1.2732952951471204	-0.2246474911993018	0.5225487491046373	0.32706894157791566	1.4287670713631941	0.4259689077363218	0.4644785485921573	0.39021657018999306	0.04842240339467435	-0.19310357341232426	0.8831902758717991	0.7675229290143044
-0.17536554078346556	-0.051714924026866456	-0.23595947283753116	-0.017709410340990994	1.7325590523354137	-0.21252694034556824	0.5137041935600182	0.5218789840551755	0.6404583574716077	0.104889788574813	0.168910502903411	0.3988582892030726	0.062114498936706466	-0.21265399164064996	1.2455834422250736	0.9265975473307669
0.3369498335424776	0.21795059334736483	0.3437966150139367	0.19745791118888334	0.7814740587985024	-0.21898289786088312	0.4965777401520942	0.32708568755300327	1.12523653003279	0.6195599521523465	0.5995475600353952	0.4048577139766943	0.06094479204014214	0.24825479726272898	0.5820005562328994	0.4961738622751525
-0.2551519784862344	-0.07076495429518913	-0.2524947952717778	-0.014288480086804112	1.719748315254737	-0.22452377112520291	0.5133937565484775	0.5312553409090163	0.737498268239851	0.04551657316979274	0.16905292865657745	0.37082644331557457	0.06119764442309113	-0.23360875888025434	1.2258739662680227	0.9221332033753343
0.4642611034572697	0.29766322099063336	0.38366937801882833	0.09722471850145577	0.7597739129953591	-0.13164297587745766	0.49457729644070203	0.32605841253668216	0.9409832432694508	0.6530843798472215	0.519580564493896	0.4761106673868378	0.06119249477381854	0.2953603675395788	0.5825364229977308	0.46447962302078655
-0.16792431107892938	-0.07093324779939739	-0.25268322792134873	0.05854637551945574	1.5185256783194419	-0.2243759618754313	0.5121966830921184	0.3887207760118171	1.2116807346797365	0.2515465516985619	0.2653142656850885	0.362365486647262	0.0650337092473128	-0.23342715733859076	1.0938568479254192	0.8546262657829864
0.3733240105046167	0.4509262717865961	0.6437231877834082	0.14072911770653607	0.49824606712404784	0.0355826734860057	0.5111190540153655	0.32622990628459164	0.6800119228752611	0.33782291630765077	0.4900943874707765	0.4964972616707875	0.0434832173184196	0.42315353394581157	0.5466996578311953	0.47870822978042804
-0.13497388827339404	-0.07100761371934282	-0.24167918785772144	0.02574597533458202	1.618135971643306	-0.2248103962839178	0.5138639233803017	0.4287239255231934	1.0234106606305193	0.22742245062714683	0.2524694719162858	0.36842783940604207	0.06175111337650892	-0.2259523163272058	1.161321645155293	0.8841480664363449
0.3381659114175551	0.25601499155910357	0.3683143347115847	0.13390054538233376	1.0027327647689028	-0.14602860462813763	0.5115664343792974	0.3661915747412371	1.0755211719176412	0.5143171483596335	0.5179462683388857	0.45496218642877745	0.04256846304885249	0.2499883726613576	0.744978030340055	0.6291673659973243
0.48095453114965825	0.4471452594377535	0.5787532903817423	0.08871620356023444	0.5476151240686274	0.063537567358655	0.5042728240089787	0.3268312732270056	0.5919577888217054	0.4280269535753106	0.41135095578063846	0.5266981044163831	0.05816801926092477	0.4026009639363032	0.5742398681308363	0.4688129347198803
0.3555586883373457	0.3322636012962874	0.4703191964679001	0.18637387259607213	0.8194921690188504	-0.10945538159811719	0.49642664760010663	0.35568184517826473	0.9443955424837149	0.49914682573373953	0.5629446879986051	0.43563856428322323	0.06263507477733958	0.32451137382330525	0.722913556620126	0.5557063701125208
0.12329072787754997	0.03915393257776438	0.06374113439082811	0.13307444289355702	1.431350044996715	-0.20680656406079184	0.5103079274818305	0.4115299095610909	1.096489199873407	0.4191644824622499	0.4296051376939781	0.3761952650943721	0.0663122009444227	0.01334062915836795	1.0122239020701795	0.7822048142437021
0.3356525939535751	0.5005587020568207	0.6072300941844726	0.1384435203030302	0.42792429007084937	-0.035463099126396	0.5079409964550019	0.3257238423564708	0.8666208948415485	0.39332663936090784	0.8433886062274063	0.5209983705885244	0.005390756515158315	0.4052578365727578	0.4715842810009446	0.4945686729658565
0.36912460334052166	1.0076065200882969	0.38604688967635387	-0.07712074159759055	0.3376330768744911	-0.12010176048271223	0.16755401954632776	0.3658414848326668	0.845877319502671	1.022212409212437	1.4223737103318872	0.4694476422991132	-0.12787311563786716	0.5423728205898302	0.3970635068146917	0.4670098662433475
0.004510084160316924	-0.07125377891188225	-0.20743408772887695	0.08046697889508923	1.4633361467091666	-0.22463513976178948	0.5156270072105318	0.36323021267324307	1.243853277993895	0.3933165464233468	0.3662820479721755	0.3813313048543251	0.05682909984407217	-0.19827842182035246	1.0019140093758923	0.8145352456641484
0.19699359850682596	0.1767783929936232	0.2416487175332088	0.13413163977830997	1.3461019351277308	-0.1902759531968521	0.5097374179723777	0.44739780537719176	0.9536007922031033	0.4322040236642006	0.4644661443556743	0.4104064628662521	0.06405123775216236	0.1490783631455858	1.0021338265651827	0.7540725965689232
0.3530866036855323	0.4408542103820341	0.6393592171741693	0.1686868475715306	0.503361535841111	0.013473624350570465	0.5065153897077947	0.3263366927753578	0.7121601046625694	0.34656988988365667	0.5186561178747287	0.479245591903019	0.04944153280545789	0.42160011074873005	0.5548138696184561	0.4747567620544409
