-0.274230045316379	2.2160167304712215	-0.28504063634120197	0.23758207214392102	-0.24197747046983817	-0.27196895891675266	0.20606127380201394	-0.31648585076507246	-0.3044367086985391	0.19739934157444328	0.2750083569438452	-0.2689813629419634	0.9028100697160574	0.2911531472199904	0.15527533292151935	0.24595908916130824
0.19367040675811417	-0.256525486983332	0.0011132998709663111	1.4242470497835569	-0.24348411312328652	0.012775289907383858	1.2047171332750584	0.39573864244126333	-0.023489269132196205	-0.2563309651148724	-0.26680261439157227	0.3305497738472247	0.6857108143509313	0.7269315835437855	0.5028292261734986	1.4655474638399784
0.00427697224382137	-0.2562248478360297	0.5022121093985442	0.8909908267314226	-0.24349649282123756	-0.08671663931397862	0.9425081012162674	0.3984425270099424	0.6328728631461322	-0.08504950458243002	-0.26573153422612494	0.2884627109993799	1.2918366312735314	1.634026518328989	-0.2643998121485495	0.7357687434453938
0.1921114663108123	-0.2581973200299868	0.0007342017152782987	1.4234664564951094	-0.24312340740790545	0.012217551626280451	1.2050475174545778	0.39539492068061166	-0.023119630097798285	-0.2558054580277011	-0.2644020642208996	0.3321364221109089	0.6857872357769339	0.7272033354097076	0.5030872998934639	1.4667812877814592
0.00830608556854906	-0.25586862914487357	0.5019765572489441	0.8839668069731739	-0.2437695643581102	-0.05719000545035709	0.9730203786268292	0.37601338911632076	0.6745377456401309	-0.08483711618464658	-0.266507979005111	0.3209188479905889	1.2698980731714553	1.6174776452833548	-0.2622914871059374	0.7143319488288139
-0.2736207154713499	0.9883543486833701	0.3460926152798108	0.23787902385713663	-0.2436788382089613	-0.2717941224079964	0.43162143723719165	-0.3167928536640271	0.46835158867948823	0.415022083299732	-0.14151927567290384	-0.2691023753323453	0.7281158231975858	1.1894215215015955	0.18441128954157238	0.24538867179024035
0.19308585271617404	-0.25787507605604537	0.0014276585578841677	1.4254464783845708	-0.24276231269455914	0.011300908759340492	1.205453418166651	0.39484637510623344	-0.02173066025236455	-0.25579245673750445	-0.2651075803544485	0.3313864505706255	0.6858971529214342	0.7259896097918294	0.5025089085797342	1.4661048401094927
0.2512383515000898	-0.2572406708286091	0.04389347286868106	1.295190092138373	0.39665021949514134	-0.22918973874018642	0.8214749566471655	0.3543084279443979	-0.2416317636448207	0.11712543465802822	-0.26520319784902374	-0.268517826022858	0.7453882041542477	0.7311078762300811	0.43105867056410974	1.64673053243393
-0.27413022318367525	2.2243680348896318	-0.2849334946073252	0.238338983175659	-0.2440157168655396	-0.2722075088870303	0.2060859123212163	-0.31658711310909343	-0.30414516512030476	0.16176394058528734	-0.036646508733124306	-0.26895410848732276	1.0611291865494077	0.35302288972739276	0.15198299647229707	0.24616257068185668
0.19454781202584187	-0.2567501997374968	0.00037445277714795444	1.4238719476760984	-0.24464556731260248	0.01272628903869416	1.2052466675098228	0.39490642988622193	-0.023757149459119317	-0.25759000554490274	-0.2646886778812707	0.3302775900878444	0.6858950239263177	0.7266133518603062	0.5034486117411932	1.4645363578911328
0.015282335198346347	-0.2566610390609827	0.4477978790239476	0.7079267090069985	0.4476123189465967	-0.2728824992695246	0.5723031727276551	0.3269669296960087	0.43168912492772243	0.3858198100379296	-0.26503456929096164	-0.2690395288137763	1.2917178020639486	1.5427004238722812	-0.33842351339555954	0.907667457652619
-0.12415900575021509	0.8934479691112536	0.22802095561765767	0.33851598817266315	-0.2011816279494495	-0.27223712309854836	0.572944019502531	-0.12439163540219363	0.4321374382714775	0.5093351981318666	-0.26388214184595904	-0.2687595254032654	0.8346582407811773	1.1757904091657636	0.27753089712436213	0.24598628418353535
-0.2743102467146292	2.1324257978049723	-0.2858239928966893	0.23817048695472895	-0.24430860833789314	-0.27260450960487953	0.20664411939460947	-0.3174838078803069	-0.3047268595692448	0.1394818758661635	-0.2656911399171023	-0.27009598117944084	1.1634577666296064	0.5528600741304759	0.15673159158417552	0.24586416435757213
-0.27346944042510146	2.0955882182695027	-0.2852296966169723	0.23773141537608034	-0.2313342677065677	-0.272043727322698	0.20593280994535632	-0.01823124010231833	-0.3042153957500207	0.2744571923649819	-0.05290547806433117	-0.26943757043730066	1.0509128388829985	0.3860113860240421	0.2711980107380767	0.24541835676482487
0.24489218050876824	-0.2571007033176985	0.06111799047300187	1.406673737022463	0.1192478088803363	-0.13795250220188793	0.9987330441171052	0.442949098089787	-0.16570378415061904	-0.2324154627886564	-0.2653557675840546	0.002185826790445114	0.7761876923715063	0.7932840635203585	0.43193133428051733	1.6077611137236623
-0.27485514166848113	1.0533907555502207	-0.28622524319190956	0.5813027162612816	0.16453260123273977	-0.2732593995163132	0.2075524617501246	0.614249068372922	-0.3053375650871159	0.06336045803780528	-0.26621792836128083	0.0329027153086954	1.5743290817096145	0.9375536654438348	-0.004058505086368819	0.8698731514612477
0.054480893371745456	-0.25698450472134543	0.5098734347890431	0.7311345670051796	0.4293516813117122	-0.2721068665337327	0.5726838789115787	0.3144863778504941	0.4489853438299495	0.3317726767680501	-0.2657982620145587	-0.2684371996063291	1.308186332494738	1.5785897343125557	-0.33719528480420924	0.8948811928178757
0.25997123710541115	-0.256531734470644	0.056416385204772046	1.3010915585838752	0.385216680314311	-0.2295392306821618	0.8290802804454591	0.3562373837974256	-0.22981417374967947	0.10562192563839828	-0.2655536471649949	-0.26916576290943134	0.7500153299163109	0.7363959077661378	0.43103733783990494	1.64460473732281
0.19347205598797745	-0.2583901259807423	0.0011473505572636156	1.4242383646909424	-0.24441216831964377	0.013109166545602569	1.2059513840559755	0.39517090640538577	-0.022603563835448814	-0.25637760946201454	-0.2662609676117519	0.3307234560502683	0.6856742921565628	0.7261870726347748	0.5040272158628838	1.4657969032877993
-0.2688368970887439	-0.2584988549398311	0.04838330611288809	0.705310318707687	0.2701523593849242	-0.2733761249279596	0.5058399642003552	0.530138027443205	0.20367552308689496	0.14725889586107022	-0.2657884695357209	-0.07915057190067606	1.5163242720251773	1.6553812800419503	-0.2057573430803128	0.947104216706834
0.003995361068281134	-0.25758218280145184	0.49576535676453687	0.8859008400378989	-0.24282755701924516	-0.04684820129901948	0.9779828885838016	0.3716375585347571	0.6848668742589398	-0.08418750386209924	-0.26414168024292395	0.3321933796159336	1.265645691482872	1.6114206634518082	-0.2608759097962983	0.7061406795840088
-0.275396848934941	2.0407633366073497	-0.28621581343627384	0.2390207970775275	-0.24500172973120604	-0.2736256417835912	0.20692515680501514	-0.3181027444328803	-0.30547684477624554	0.11355197915051692	-0.26645649390451887	-0.26969210086584977	1.2304851006093052	0.6772921813216413	0.13711480247222102	0.24660867494140098
0.17734198458345474	-0.2578711318216797	-0.00932591821932667	1.4182534317850377	-0.24339144276514726	0.032576063900921604	1.2338678815960107	0.3786105975660392	-0.005425932910086598	-0.2563533135815478	-0.26686628247227495	0.3651700376239899	0.6646267857255092	0.7087054616555215	0.5105127352373374	1.4465154531044702
0.0039766971980383856	-0.25742168521088177	0.4982578457668969	0.8867767967774769	-0.24242442058349925	-0.05559835930518575	0.9704143511425292	0.3789038536163985	0.6736495128575537	-0.08421586517436032	-0.26565294439637777	0.32118917686532295	1.272117684551126	1.6171319314828974	-0.26111183145752637	0.7136590532382334
-0.12316069538247544	0.9347812088249388	0.22801598014348495	0.3381864677824879	-0.24402618972850085	-0.272147468871818	0.5726100610500724	-0.26887520197151554	0.4317376822476856	0.4798470218722528	-0.2646051478020806	-0.2688761744048992	0.8337313587392874	1.1751070752070532	0.2600668197033018	0.24529512253777014
0.19343255496510492	-0.25781335280815465	0.0008429764180842153	1.4245095571058182	-0.2426834935319154	0.012500045722953074	1.2059402229253506	0.39434798893633416	-0.023310254338797576	-0.25482144539806334	-0.26526681649769634	0.3308724316997904	0.6847697799910705	0.7273495324286975	0.5038030424483424	1.4668930169319672
0.00349493166499365	-0.25741660917827647	0.4985398175438055	0.8738062585507843	-0.24399368185944975	-0.012298276893534119	1.0183727467950012	0.3409853348995995	0.7322952651919	-0.0849627136712253	-0.26436522953055935	0.366403931608199	1.2383022957562604	1.589023583161144	-0.262533117578864	0.676687989621065
-0.2739585644711495	1.5582984897173413	-0.2852390532421622	0.3033887584260391	0.2772836872071104	-0.27205690073281397	0.20597817994678103	0.3964914715245139	-0.3047012190285366	0.49633310486683774	0.3911073382215211	-0.26923073532735836	0.9737643580541244	0.30565171711590833	0.06665479360231893	0.7037871885692727
-0.27379462818637196	2.1770481473270706	-0.28490715919374276	0.23760719626313173	-0.24192894364651252	-0.27209467210360966	0.2060369675562169	-0.31629017692026434	-0.3036506663433302	0.25562353777346414	0.27379055658821994	-0.2695061309503382	0.9014119137856109	0.29092742952994566	0.20360085043930765	0.24556701966311223
0.2778273833628877	-0.25754280530255497	0.09050941653990219	1.3818935353359783	0.20567506570625754	-0.14338514692276821	0.948955741242273	0.4113315711944515	-0.146722473182266	-0.11451127021380347	-0.26496516265071507	-0.09802517801054168	0.7766793978652535	0.7866417388397422	0.43031423529879864	1.6197738232114383
-0.27412882239350606	2.2255727782496857	-0.28501976390017236	0.23814447350006784	-0.24013460114919027	-0.27207343863250055	0.20625379954603756	-0.3164822026321745	-0.3040278955492396	0.1661667498953212	0.3319199258816975	-0.2697700421182338	0.8689907038963507	0.29074518851329545	0.13115445849163232	0.24596237214606928
-0.27579409247208264	1.9580758740649222	-0.28629608485877756	0.23923710545481836	-0.24556826117872435	-0.27438469188909775	0.2068979145564799	-0.3183621771967741	-0.30594540157847744	0.14657430563594842	-0.2664794495895273	-0.27079618760368934	1.2367185564164433	0.7888523761978602	0.1609608860827372	0.24722763100451872
-0.16398716041533049	0.5323719398322638	-0.10583478187749844	0.6119050366898603	0.4531706861122373	-0.274222196251023	0.20792940525635145	0.36637092016652717	-0.3064997968892352	0.248191495671989	-0.2659363647659514	-0.27100976760121187	1.727068403575127	1.2366867421732204	-0.3626911592636696	0.9383473490835645
-0.2735595960695676	0.9799013971608311	0.21174840237471157	0.23730107770451603	-0.243696096686913	-0.27225435398657194	0.415227776236614	-0.31621383967492916	0.3006178902091747	0.340740160786703	-0.17725785615323336	-0.2688440514799816	0.8750823354952714	1.3188924381483416	0.21172451755991462	0.24591290494540494
0.16480504350182673	1.0289711536378814	0.3400945286083954	0.4660027953930269	-0.2438031361118162	-0.27138319643386577	0.5743243719489803	-0.3157296722027734	0.6205440117563921	0.3033755508800709	-0.26413830904639723	-0.268641493178912	0.660805964200265	0.8586023064961315	0.3079181712039434	0.2449570928491303
0.19273332929212847	-0.2568490781418059	0.0004446878913877961	1.42426672502158	-0.24399913620038016	0.012665607597165535	1.2051900546071983	0.39517583740557816	-0.023577253507772927	-0.2560293417131873	-0.2646772560722822	0.3312164721747308	0.6852358894493262	0.7269027888609267	0.503303680553493	1.46612855303272
0.07792400806278485	-0.2564358974727856	0.5523248740252645	0.7538710206034054	0.39618999530187626	-0.2723282143042828	0.6019534103726776	0.3187844245585318	0.49117660261098417	0.2899437336451381	-0.26375050489413465	-0.2683962390744477	1.3210124848349705	1.6086631888442342	-0.3384285751655537	0.8809489242519417
-0.27682205208114763	1.6682288582865716	-0.28807572248732294	0.2402124779938767	-0.2464652897963527	-0.2747320779697151	0.20810407039434706	-0.32004194672222	-0.30729867616339346	0.11725701704014813	-0.26779311994887545	-0.27143202651641435	1.324403816010366	0.9826034096393222	0.15891855001238733	0.2479670202359679
0.047740212489097	0.9545099111275412	-0.28529459421967784	0.8751704370765709	-0.24439899189735312	-0.22874444086095597	0.7897886379289298	-0.28293011622077685	-0.30438531892305676	0.29576320802639694	-0.26508714746747486	-0.268895176783608	0.2559396523990547	0.29104979287478305	1.0290484590873419	1.0085517015503678
0.04846601278146419	0.2688040659649192	-0.28571667692279745	0.9998714501589078	0.3297474268426092	-0.2291196193832839	0.7915271485546546	0.47407948159687685	-0.3045895333070839	0.41215590644355704	-0.26535208919032843	-0.27015893231492727	0.44823531309970593	0.37308414287049807	0.8094281355189641	1.5495473284206938
0.19241929367239768	-0.2577608293420799	-1.0298320429633079e-05	1.4240015928241514	-0.2426228645268645	0.012964538874157563	1.205696740943956	0.3936666396786765	-0.02300223073742874	-0.25615826161715854	-0.2648933816400286	0.3325547917622115	0.6852278641609428	0.7286293112327332	0.5041098272250434	1.4652279040058576
0.20051452688615018	-0.256999431487475	-0.04013081611778535	1.2597928885663559	0.4454946927218606	-0.22830911674057233	0.7897148482558671	0.36096528100450354	-0.3043973895738561	0.18675329213509784	-0.26647631185926424	-0.2692258659137174	0.7279429820803014	0.6780831951476518	0.4312296344715204	1.6710776486204795
0.17201278425808378	-0.2574162481354525	-0.010487726106009593	1.4130455228809373	-0.24411725934297304	0.03770061447288495	1.2522953878038692	0.36839957615722607	0.003585252484558904	-0.25498384674632685	-0.26554317702456126	0.3779857347105949	0.6568674822856949	0.7007261269737366	0.5102501727533271	1.4386900097149777
0.007573025384729926	-0.2577528791819145	0.5019203684201292	0.8850311068541147	-0.242799397734906	-0.057296575151814855	0.9739936439303438	0.37678053168997006	0.6747729925643308	-0.08514413110936586	-0.2649964456910343	0.32029572784670657	1.2703381787778387	1.6171088166925576	-0.2611536284568648	0.714389038039012
0.1936025059286855	-0.2579292318361849	0.0006020968315271213	1.4233380424796027	-0.24453455252246192	0.013062760756166455	1.204156384247355	0.3942915457271289	-0.022984099185944802	-0.25698778413595635	-0.2653686349867623	0.33032017339274733	0.6853874126519994	0.7264575105677477	0.5034364953081633	1.4650179325676
-0.2740159869412887	1.7868226023465812	-0.28511524784841064	0.23781139098335918	0.148221296392613	-0.2728073559992121	0.20586825171190695	0.29652036642240476	-0.30417536864514766	0.49324570080029334	0.2014308942314177	-0.26866957683412396	0.9517601064187573	0.2906246593224512	0.1555726125814818	0.5458442579408395
0.26273284010978565	-0.2586404259293232	-0.023141003916587438	1.5093768817239883	-0.15547129988224956	-0.14717120919993293	1.2178156561576992	0.43584969380743815	-0.03537055624722273	-0.2570669046933977	-0.2645489477298108	0.24385646769334932	0.7680982321615268	0.8233048841493931	0.46520042659369587	1.3766259996316546
-0.03744339275322997	-0.2568279302437933	0.2691667191819992	0.7455746828773284	0.4245348536172543	-0.2715840909538342	0.5510143395375693	0.3648783732386129	0.30069389970646254	0.3356188984781142	-0.2647413277522607	-0.2697592288395621	1.4555565387538851	1.612529180713857	-0.3347889720040493	0.9173839514389238
0.04825476461343041	0.12464716970481675	-0.28535839104802796	1.0973906018611923	0.33976676056179633	-0.22961462505037972	0.7904201362219982	0.5313691972014934	-0.30427458723988976	0.3205313537535184	-0.26543977102135335	-0.22956125158577298	0.5392890262340138	0.4663050862598064	0.7517948360500125	1.6226369100710836
-0.2738577778016423	2.2318756360168237	-0.28546457108960616	0.2382868924727264	-0.24387375241319348	-0.27209812140379175	0.20603619519029362	-0.31636886184773694	-0.30384817846717266	0.15175532378638507	-0.03347833089138895	-0.2694712854068551	1.053336253894555	0.3610880204184998	0.15040315743879765	0.24567931683586855
-0.1683466118469028	0.4387046501955912	-0.10749379594297186	0.6213741811802939	0.4486913074780776	-0.2742839802723323	0.20804299990838168	0.37841935774483254	-0.3064719849351249	0.2335324349609696	-0.2670306480745595	-0.27137446601577214	1.7315772400661695	1.3364552776657903	-0.3584125895055058	0.9436247138938884
-0.2740842607546071	2.2240099423419113	-0.2849695370102347	0.23772986479620936	-0.2444826925235583	-0.272342433208196	0.20629524178588415	-0.3168070219298915	-0.30406453511862386	0.18966309196813708	0.1857117971175596	-0.2687688250686612	0.9584774562865123	0.290610420861521	0.15353458495764055	0.24578924571078292
-0.27470766968293847	2.1177896370260236	-0.2859799213790842	0.23882518478447823	-0.24498068231232922	-0.27332421634516996	0.207011271331065	-0.31755612243697956	-0.3050451295197828	0.1265847944847152	-0.2658698551932371	-0.27015845502764835	1.1514152026039215	0.6446405673120907	0.15551111288340938	0.24628851491658774
0.2778600234496862	-0.2567182685099235	0.07920982559099388	1.3324847031850926	0.33009573538277104	-0.19622951601412644	0.8676967294287634	0.37225999158004197	-0.1884447170412904	0.04099028939966337	-0.26573657684779417	-0.23226625610577867	0.7609939869788788	0.761091345685368	0.43078491675284847	1.6343160759988207
0.07160345585334914	-0.2568250263952874	0.5711617074411663	0.864305582206621	0.12708219443447444	-0.18434517891443503	0.7742991051430331	0.4056409511881255	0.5666581427038664	-0.048762921706714354	-0.263555917369764	-0.006795555411261457	1.350524901520058	1.6733023854581395	-0.3392204552403059	0.8418642865509086
0.26883318836385817	-0.257636245049114	0.08175375522160394	1.3671626881161454	0.2521424869393567	-0.16812064531550092	0.9247098975526375	0.4036480399313497	-0.17046359955941187	-0.06717804896353925	-0.26537774222337096	-0.13555327982145418	0.7737750580455753	0.7810786225551005	0.431424096051902	1.6285670191181005
0.19338154485602843	-0.2575417019047736	0.002031962434232537	1.4245703105809617	-0.2440111350313771	0.012347125991299793	1.2052119830368777	0.3952151468113314	-0.022581500707367773	-0.2565912758998862	-0.2656908233667977	0.331053197900824	0.6864634598983876	0.7266592444929506	0.5032910194447386	1.4661123126245925
0.23012598070636162	-0.25721219962696873	0.019143637454033927	1.2993371795106465	0.4017015449989092	-0.22985552925455072	0.8241078128474704	0.3700897778285017	-0.26687124795140654	0.10493376096714901	-0.2653240640959399	-0.26919573055539175	0.7471814088014209	0.7241961406629771	0.4306207889008864	1.6551348584777728
0.19311842077551536	-0.2583068855381159	-0.0005053741466150563	1.4239393372217264	-0.2440860218427004	0.014015308599353918	1.2061369378916162	0.3942145973467316	-0.02250237752544952	-0.2553333465256476	-0.265634690879964	0.330502843353373	0.6847579929253425	0.7262843150895505	0.503399369667583	1.4648731419181593
0.16417756838536962	-0.2590900181569017	-0.0021549393277113804	1.4092547717047315	-0.24409118007508734	0.048840668640264304	1.2707399809897209	0.3523541700505963	0.011380153294016815	-0.254727592005497	-0.2666126118371013	0.38932567040872684	0.6453979252173134	0.6928915027075736	0.5150518076979207	1.4303552478419153
0.17654582476259403	-0.25649536842815757	-0.016961126297128072	1.4163019182908894	-0.24387722190740663	0.026612917659232155	1.2319013315959244	0.3823393772602188	-0.006846464131928132	-0.2558284507431962	-0.2672570781161679	0.3676352670684717	0.6668818929360375	0.7107229157453192	0.5066583993675655	1.4503147485706267
0.19370807492895775	-0.2581302522154623	0.0008849507436980708	1.4236047786496187	-0.24476307864835195	0.01265237322112825	1.2040411358749463	0.39436588862843897	-0.024260971130074173	-0.2569937369099426	-0.2651964611168595	0.33156606497144836	0.6851533882099138	0.7263642433034911	0.504070938327466	1.4658634387947709
0.19221955806953633	-0.2576235840607287	0.0004872316068497695	1.4244694563941347	-0.24226830445603992	0.011880138669352058	1.2049894498716724	0.39541729053965746	-0.021077847321731617	-0.2558607494385598	-0.26494260776488404	0.33041758800059495	0.6850705746976975	0.7275043474509815	0.5022398654507181	1.4658712973024368
0.028682506012766146	-0.2562585269437169	0.5207353703231323	0.8867189151406913	-0.24317368825244703	-0.04273934956245142	0.9693316331457533	0.3669447619579558	0.699328918026978	-0.0860268542106308	-0.26475457955368686	0.3043080677163372	1.2737042818725595	1.6194428028095662	-0.27315695364899556	0.7079984957595413
0.19312999538111172	-0.25753670838717857	0.001290933196575375	1.4228313724510964	-0.24355045779738177	0.01189921217011669	1.2053732639150696	0.3957354531730411	-0.022832922738023134	-0.2559362286113364	-0.2666661200196486	0.33122938805271845	0.6858600187890155	0.726443246921829	0.5024909627791546	1.465660858931587
0.17652996979947458	-0.25778877146810325	-0.017700928343482192	1.4175356583173537	-0.24288898653063118	0.027057505473503468	1.2305950458018629	0.3802818043513197	-0.005817145502261714	-0.2568158387199452	-0.265908756855225	0.3683369281523048	0.6665922451821034	0.7100855342946444	0.5064539881014941	1.4498953384286297
0.19334769760379727	-0.2569597541229025	0.00042548159625099835	1.4247570584867149	-0.24246727710373983	0.011767331993843583	1.206582709723854	0.39445236306216364	-0.021606862258979717	-0.25617661599029923	-0.2654410306435375	0.33091769002123217	0.6855045906863734	0.7270487410348644	0.5039638982440139	1.4665287879465239
0.19248609056028596	-0.25739800030233156	0.0002694300613490658	1.4242048622526167	-0.24410212795216124	0.012665398173974135	1.2045119145792138	0.394714047344235	-0.022942234636877258	-0.25605489851191093	-0.2650153772750494	0.33172323575103163	0.6849904443473025	0.727912456016077	0.503710856469918	1.4658660289705816
0.2567684651910546	-0.25652161840755505	0.049931046491259484	1.2962671557251806	0.39475390912347236	-0.2299611810190063	0.8238972904892935	0.3519660622246539	-0.23521799682630395	0.11664332358043718	-0.26575948944430616	-0.26835513254665944	0.7468958575658294	0.7323549666429434	0.43111395489857596	1.6461166975445316
0.19252214563233944	-0.25692115292751255	0.0006277414236771778	1.424532607372494	-0.2440480415147037	0.012818157553578402	1.20538513306939	0.39474237893623587	-0.023120557197753605	-0.2556387958066147	-0.2655361014830461	0.3317424017784918	0.6853458085508849	0.7273708715589353	0.5033668040038113	1.4654636161159187
0.11091767430074066	-0.25691195960225455	-0.17445911455849789	1.2359764056698075	0.41599918185081997	-0.23020052297351587	0.7895204647942533	0.42596906034938953	-0.3026465142486654	0.24677053052479628	-0.26746267013912034	-0.26977927888622755	0.7037970167978488	0.6222985648333196	0.49237739725035645	1.6981166632898796
0.048711949608632926	0.9909539385143118	-0.28547690326709424	0.8760314858866568	-0.24415545913942027	-0.22937803516100777	0.7908259746723929	-0.2857679166155645	-0.3041670893400063	0.21361189410193812	-0.2660337962908308	-0.26936155812088997	0.2553176226510786	0.2918796997194881	1.0208075083853168	1.0092257286213102
-0.27422205233336183	2.014732973591343	-0.285539297472651	0.2388658769157965	-0.23704927698841896	-0.27239244994042017	0.2059590690323784	-0.15077672671008924	-0.30497273676652187	0.3136769046827764	-0.26511406971013307	-0.26959039547197977	1.14965754558752	0.579996338881158	0.25124911115309595	0.24648905033863588
0.17502530367702337	-0.25729127996851464	-0.015263938812855815	1.4158868462539935	-0.24341010165347107	0.031691801459094324	1.2401521716090786	0.37605210015736695	-0.0020256597626949757	-0.25629616260969973	-0.26583121985703884	0.3724081390399082	0.6622494337231896	0.7072743126527121	0.507526847176967	1.4417366057439331
0.19276825287155283	-0.2585638489282625	0.0014850068389893334	1.4239206202226555	-0.2433930060269791	0.013438159789446624	1.2042711755552236	0.3948878538358377	-0.023420525237646025	-0.2570798724860148	-0.26529574564944747	0.33068234660489465	0.6850602695189736	0.727440274347446	0.5035451396208712	1.4655752434837355
-0.058088473773580895	0.8237118892980058	0.07808941140917156	0.7440627924630581	0.21880056542018553	-0.20237412022627307	0.36331657460597655	0.3865667122984169	-0.1701072512096421	-0.11129358898447314	-0.2658933241548128	-0.09687504359140693	1.6712750597891288	1.0980734309595597	-0.37203088695652625	0.8645604092623047
0.1931295452502171	-0.2577430952094688	-7.88904107374977e-05	1.4243709242531002	-0.24340995469384996	0.012348322880545465	1.2054608245165908	0.395014321467438	-0.022148114057423285	-0.25640582611114954	-0.2648773396037981	0.3313567918117747	0.6862652202562738	0.7267875398886846	0.5031423940929993	1.4649951596028876
0.14421484824635414	0.02040359604773985	-0.28579768399079564	1.2588390425016722	0.2862212624820416	-0.2727618794815118	0.8766569311082428	0.5555964324100757	-0.1596426360964333	0.17709110209476037	-0.2653498323707262	-0.1073165267855126	0.6106132832253062	0.5395397296990039	0.6801263701545982	1.50380543572568
0.2804876814442672	-0.2576512724825549	0.08939384503152381	1.3787044259322427	0.21840348287834901	-0.1466485132960874	0.9398821199133787	0.40518034974596756	-0.1494412249812793	-0.10019813562743776	-0.2653230779113198	-0.11130077721391632	0.7753049328961417	0.785493643460923	0.4316016548300188	1.6196711048254553
0.19260876940733498	-0.25697030987832736	0.0005666193701920758	1.4233299160930983	-0.2438574157642289	0.01320933412808814	1.2049901561800893	0.3954324905815766	-0.024121816630667384	-0.2559461131098323	-0.2656861357824084	0.33166783578343745	0.6856747787201232	0.72765023668744	0.5032350874318136	1.4655559527537303
-0.27368248145135315	0.9998671470128453	-0.2848031915302255	0.6590864031602527	0.17480134294148064	-0.2718291662522266	0.23440542531049025	0.580012518227683	-0.30422926657529886	0.010224882195876805	0.4241984236073518	0.040168863876210104	1.2384936939233486	0.6241224457515749	-0.10120113527779737	0.903164988315827
0.1756490027152056	-0.2568990901466466	-0.017786667106611205	1.416535247986758	-0.2442943675255027	0.02697940059471636	1.231326100664124	0.38217011884567226	-0.0067215438547712225	-0.2563047204261435	-0.26509648165163296	0.36764927691877247	0.6667022638218395	0.7110461301445623	0.5065065794247655	1.4496121136306512
-0.12987908366896334	0.9138901705851165	-0.033103574491694876	0.651232298485521	0.41582892250720316	-0.2717832684891551	0.22192093080868003	0.35234798420946295	-0.3037251560565216	0.1616035144664446	-0.12426880440857957	-0.2687604846035281	1.5763629556768024	0.8050124262317426	-0.3712894907309221	0.9014679906106735
0.1930519365674319	-0.25760828826050775	-2.4662549172077552e-05	1.4228792199334743	-0.24416073356942397	0.013247929894318791	1.2046513932852134	0.3940275625585782	-0.022504099492654653	-0.2564833475031612	-0.26572596406250587	0.3306646185313479	0.686000776889033	0.7266826955764876	0.5037227591416678	1.464980267975211
0.2797216728434154	-0.2574107824759494	0.09127992422382306	1.383307370295153	0.20092838417656564	-0.13814382010338713	0.9492829173321295	0.41101405055703844	-0.14506530102235982	-0.11851785538091154	-0.26505449911230333	-0.09556944492486064	0.7766880977709244	0.7880599471510255	0.4308327547590836	1.6178331647879056
0.26553852264227773	-0.25786355292922786	0.05925453563180792	1.3032806581412457	0.38073932880135	-0.22966385230315509	0.8327149093201176	0.35452923681228765	-0.22201253635361712	0.10260170024405346	-0.26424059477484263	-0.27045237171837144	0.7492740119273631	0.739299043220093	0.4317231570232059	1.641930966047207
-0.1234427552036585	-0.07326074719029088	0.22715924601709434	0.5994827922028805	0.40028263908262673	-0.27172295390701434	0.573244043822343	0.4420152332043271	0.43177478341542513	0.5178991007355744	-0.26455352127362985	-0.2694583467261216	1.1828599611410597	1.4003040036148435	-0.13153324787225135	0.8999458362006805
0.2777630691549738	-0.25787499475448517	0.08824302040284744	1.3933547641863098	0.1578121674738749	-0.12681338238976603	0.9707308638426484	0.42004241637539397	-0.1353079084566611	-0.16389019686854572	-0.2658054354922298	-0.056167566797518775	0.7775867738781048	0.7900845684239542	0.430780596999788	1.6110430952227834
0.2635621924068959	-0.257602601205054	0.07664717918639198	1.3741482207427553	0.23574381173345552	-0.1665593669856941	0.9349813237197853	0.4125401555063082	-0.17324364837298148	-0.09133649612077599	-0.2653425254775795	-0.11552383528672966	0.7756457158434787	0.7834542195871252	0.43134190001385486	1.6278453987049544
0.19188370357948437	-0.25669021683860904	0.0022784064387381675	1.4225434064545404	-0.24407650213194462	0.013422042711213278	1.2047802441854625	0.39550614951440266	-0.023857870053817933	-0.25614923135834744	-0.26649481114082224	0.33153240443805265	0.6849345507348561	0.7283274997555209	0.5029744436666626	1.4667743588190454
0.19269773264888257	-0.2578639079876699	0.0012116442038458825	1.4246074908533821	-0.24445319385902983	0.013186333430191446	1.2051576105889261	0.39480202278036547	-0.02339410086313775	-0.25581068069809165	-0.2659154076148982	0.33126157687604874	0.6850008353471632	0.7271504187614222	0.5038544436081729	1.4654519196485594
0.1933950277789294	-0.25715595139111336	0.0004969507015812058	1.4240028602196253	-0.24354133280708426	0.01318039608077698	1.2055862497485978	0.3950836727157195	-0.02362444455443588	-0.25601073174110967	-0.26579764521460114	0.3315094129434077	0.6850601480627309	0.7287690869194849	0.503418050483134	1.4649692565084247
0.007341925692439383	-0.25832366514174776	0.5002524463985423	0.8827432373053772	-0.24221948763820134	-0.04840548805998198	0.9830497896535695	0.3675592876061871	0.6881965153946263	-0.084350350562429	-0.26613841071645394	0.33370594007495635	1.2634708046401564	1.6104817678840502	-0.260529880092327	0.7073653287715116
0.19759793332891123	-0.2576503303163905	-0.03205856311813786	1.2794077687469347	0.42691123128889186	-0.22922462383828068	0.7897304264486743	0.37708057220195956	-0.30435646494993857	0.14846443573103568	-0.26580974126425283	-0.26961231750167186	0.7356854000303675	0.693574849517976	0.43136166096431616	1.6693881082146445
0.19254944433928492	-0.2559588248565531	0.0003139316114858792	1.4246887225580256	-0.24302521129426016	0.011828097838536444	1.2043996106321575	0.39569463039198527	-0.022385908539366985	-0.256014007486868	-0.265440457106129	0.3315229436904668	0.6853783904180488	0.7279115671974642	0.5024132172990178	1.4661490784516427
-0.27507482337469824	1.9750739541255893	-0.2872030753454385	0.2402126479097157	-0.24500353633490643	-0.2737794504871018	0.20771295799475953	-0.3187277917950061	-0.30607948065003554	0.11240220755682552	-0.26653001732929826	-0.2707091235445381	1.2572659243755373	0.7391708152981982	0.15332034497237343	0.24689110436658585
0.19322829418710408	-0.25891786404533557	0.0016648227915127822	1.42491661401029	-0.24303967601910736	0.011803089059406427	1.2049962646495516	0.39508894127058397	-0.022786428873906056	-0.2561782882332802	-0.26510526752600716	0.33094315113802714	0.6853013839063193	0.7267778835284823	0.503265957549417	1.4656103185055738
0.15384509189505413	-0.25786316521000746	0.008572694374853085	1.4006326031734884	-0.24391170663675962	0.06410466112466293	1.2974697599628269	0.33140373620266217	0.0211283905463093	-0.25658133063394906	-0.265454253664118	0.40276494710584987	0.631829679339834	0.6813256495860285	0.521069387508741	1.4179543145590037
0.246718104816309	-0.2568362357531472	0.0629733151450452	1.403984591892491	0.1318159688473159	-0.14101887487062728	0.9924898782434346	0.44040526456194334	-0.1671301166789162	-0.21512295994702801	-0.2655634766343592	-0.0091394968505078	0.7772907006544776	0.7922806172849387	0.4315872077591228	1.610327942813548
0.27672427182017034	-0.25734129027731634	0.08527244074397454	1.4000251308048348	0.13570235075287163	-0.12005789095834955	0.9828180333689278	0.42490572797273096	-0.13213160747055333	-0.1893861190318916	-0.26526811637843034	-0.03565250649269228	0.7780338354895884	0.7912440205198703	0.4316342977429978	1.6068188118137592
0.17600913457329592	-0.25712729755506786	-0.014335294924365916	1.4146247266005818	-0.244239413575135	0.03170448307651169	1.2400418884259958	0.3762994724236931	-0.002786081219924033	-0.25742580072276633	-0.26516164648106666	0.371935273315661	0.6625426234712397	0.7059020048586806	0.5078143916565747	1.444368984650843
0.193739694491669	-0.2573113501893359	1.6590554344914077e-05	1.4252258440969232	-0.24386834584547795	0.011928202040473582	1.2050546798920378	0.39467117101569704	-0.02251760791637858	-0.25659474747268546	-0.26493080065621527	0.3316204827439664	0.6857719221968621	0.7262144267845574	0.5032721936421329	1.465313166501365
-0.1233596439402374	0.8355751698319349	0.22857023122540135	0.3387732676584645	-0.14116906819867686	-0.2722463244498055	0.5739168363465887	0.13173238800075932	0.4323826790246811	0.4437583084196839	-0.2647604513877226	-0.24441369149077227	0.8352604308962127	1.178088560184293	0.29737899022167497	0.26857763959816583
0.33160173367902407	-0.2573528092905005	0.08045978856430594	1.4968539961446614	-0.24377208661767358	-0.030288526992775816	1.281753297155485	0.3636107879641787	0.23204830332088355	-0.2559519629914041	-0.264673929768661	0.3297438797636134	0.6845479756697387	0.7304639110023416	0.43843298158482813	1.2646103602895773
0.19295380794852307	-0.25863348648975004	0.001008868741808458	1.4242635030006465	-0.24446073736731758	0.013564475589505812	1.2046250341499862	0.3953262212098209	-0.022795867453080057	-0.2543716957448858	-0.2664113843556495	0.32996251893387607	0.6839768186907047	0.7278851391451087	0.5023000501218485	1.4643665958862777
-0.2734996841590164	2.071033095892771	-0.2849100338082768	0.2382507214133887	-0.24419304205771808	-0.2720514881684487	0.2061885769908826	-0.2151882860314783	-0.3038598363321523	0.29698044213283714	-0.2221280621990566	-0.268814455753713	1.1467732160869848	0.45691782249943946	0.24434907253947352	0.24567041945000898
0.1140784008960162	-0.2571925612896554	0.6043457657563367	0.8191016829742082	0.2655687856102701	-0.20489175871881904	0.6933550370750428	0.3512595758753125	0.5811776700721378	0.12971557313462495	-0.2645752407978146	-0.16524642158654976	1.345888527464727	1.6576175176393115	-0.33873506510263973	0.8574751091439974
0.19298553501945298	-0.2564371024976529	0.0011538909661232694	1.4236844255083512	-0.24429352839862026	0.012528421995707834	1.2052712319191001	0.3965178200207414	-0.023629776102274597	-0.25467565471890136	-0.2654172013879976	0.3293550747932277	0.684891100189441	0.7273943285243087	0.5024043135937765	1.46623767401565
-0.2340988142271094	0.8974554255396365	-0.2087381320562947	0.5828822746213465	0.4244670929916977	-0.2721153114172432	0.20588710859659964	0.40249338880290897	-0.3041279343413744	0.32819631599181387	0.3892141496198849	-0.2690138507945108	1.2759084116543413	0.6034909324806849	-0.2842876006007722	0.9323075396559011
0.24237713326088114	-0.2583958986895501	0.05986970518323101	1.408556509805002	0.11174665721897924	-0.1365650351668184	1.0029258504239955	0.4443012808495945	-0.16605688166807056	-0.23901711566903644	-0.26453283439479347	0.011704391593652677	0.7770860232242336	0.7926091044843838	0.43146427033094487	1.60657229360997
0.16166092525653186	-0.25947584955743996	0.0011749632486890288	1.4071951298800636	-0.24373060334616126	0.052239404199590625	1.275803616830105	0.34708799845304183	0.013681961661391226	-0.2553779115301562	-0.26607287236881755	0.39286103267462436	0.6424282451130474	0.690670727948266	0.5155091622934909	1.4272867986781301
0.07249309596041328	-0.2564505377262184	0.5416558588443137	0.7473375877999802	0.4058057165686434	-0.27204314924236	0.5926915318996898	0.31588287831329986	0.4809666926031279	0.30312495624863917	-0.2649307924824388	-0.2686601373269476	1.3164503247342867	1.6003400757813897	-0.33780195416894204	0.8827527472478485
-0.05903499303170451	-0.25681413844449724	0.7490893930839648	0.7521515699275992	0.1621292519374481	-0.18178732090435945	0.6397738827152474	0.3888535268256995	0.6023036365223549	-0.047655403150765344	-0.021518533742207607	-0.051498426050131565	1.1626677596879778	1.6854383822312773	-0.37093151567718474	0.8463180904197048
-0.12308397737432022	0.9518039815190507	0.22717905803765343	0.3392422573314007	-0.243715258655555	-0.27205374726927095	0.5725531208772039	-0.3158008973312077	0.43140612451533134	0.4496197447207162	-0.264534276728917	-0.26926959837371317	0.8332922093828886	1.1753324049549825	0.25515675124741954	0.2450922524445499
0.1942167325108111	-0.2564749313307679	0.0015689467061168472	1.4244298981504613	-0.24480407970904666	0.01324600190029196	1.2041546658412858	0.3952769181697262	-0.025076875687766245	-0.256200196325721	-0.26466426688473316	0.33062797537000843	0.6854519098630814	0.7268865033093621	0.5024229982907331	1.465933911256692
0.2769184733331038	-0.257825204396204	0.08529436146110772	1.3999191910240856	0.13525098710956285	-0.11909432310090404	0.9833956394639054	0.42482461442893166	-0.13288022049386605	-0.18841331184376822	-0.2652915019621296	-0.03545973886986675	0.7770621718916578	0.7912148187443121	0.4312315750296197	1.6071692049580413
-0.14711274952716616	-0.25605075488508694	0.6548525519112469	0.7732228831266399	-0.24368218634561162	-0.017752036196172757	0.8957362203271849	0.34510890815381634	0.7486013736521706	-0.13452652018378378	-0.02133709213410187	0.3632218309945269	1.0532058592964837	1.6076821779939945	-0.2977857212862838	0.6811927297447398
0.19308981566288083	-0.2572849269955582	0.00010481231080275433	1.4246212778572707	-0.24350224006061497	0.013205133388610277	1.2043083310336415	0.3950196386998116	-0.023583697383895624	-0.2575771544317606	-0.2645732282963178	0.3314023077512973	0.6859189923199293	0.7271126552503692	0.5037027012396035	1.4654455966822268
0.25695188862927515	-0.2560596749749055	0.07129801906788545	1.3962496835316236	0.16255291875389166	-0.14461427907067903	0.9752925398823283	0.43204110693216036	-0.16298651274016912	-0.17860082431169816	-0.2650710584546775	-0.04204679082537541	0.7773114432572641	0.7924227254091623	0.43128764855966106	1.614742119761537
0.19146557245106147	-0.25811921406843846	0.002086410618060558	1.4246885533183165	-0.2435426365661828	0.012920429565277003	1.2041377734488155	0.39319882885916635	-0.02295689589451172	-0.25558960246988166	-0.2649902828012266	0.33280919757770244	0.6851285054124269	0.727165363123643	0.5031194415343889	1.466384624122195
0.029144082597342497	-0.25752516963256816	0.5213195012794913	0.8869554278321953	-0.24324808766565342	-0.04102025083045918	0.9690035006084119	0.36687410211026156	0.6984903791266913	-0.08487828930647874	-0.26495669720205206	0.3032757261522623	1.2722300278721956	1.6196821766157306	-0.27350536390681046	0.7089175472783256
0.19248725515601015	-0.25759974887412745	0.0008550284935457952	1.4248516133967732	-0.24386048565852503	0.01264983363134363	1.2039690000652647	0.39573824505457056	-0.023873006438681385	-0.2564772147064982	-0.26430908746840437	0.33183477130528793	0.6848134143748323	0.7280465164204335	0.5029756402855111	1.4659371181332308
-0.27385224325999474	2.153797189520998	-0.2850986631958765	0.23774105061130507	-0.24361459620211492	-0.27212875127084624	0.20605966083788263	-0.31629640720778884	-0.30403152553702656	0.30339351603606635	-0.03200232009557097	-0.2687638680072646	1.0599766264791917	0.3359295235215245	0.21180020349016493	0.2456270191079319
0.2303452687111806	-0.2574811578163501	0.006686447925737457	1.2779519829089123	0.42530349638989706	-0.22926657466045341	0.7930346823010466	0.35387039411203847	-0.27901237149530117	0.15177199052963963	-0.26444563162379486	-0.26850373386686527	0.7376627153101595	0.7052249984105576	0.4298269425787608	1.6600161036244712
0.1666118223848402	-0.257411971111801	-0.0044804027925189754	1.4105387349868206	-0.24438079253878492	0.04395499884273235	1.263310960805224	0.3595143851739251	0.007734865658602083	-0.2559859172552425	-0.2662632089541946	0.3851929445867461	0.6504861489997396	0.6961670410672145	0.5131712170353202	1.4337948379151473
0.19268623076847408	-0.25722616058162623	0.0011709715225155515	1.4232138347188776	-0.24275885028933863	0.01149251297332686	1.2055823436050115	0.39516593649645226	-0.02171386152905838	-0.25669224038149097	-0.2657224619089338	0.33051155556900713	0.686622799217666	0.7268262189247835	0.5034968112137385	1.4659030021275243
0.19397169134712366	-0.2575654656476533	0.0012249838973765609	1.4244785598893446	-0.2431446443587243	0.013389000454579969	1.205015299817669	0.3945259906607661	-0.023362483289483135	-0.25673017394614805	-0.2652362683747761	0.33055649564104456	0.6849917177544609	0.7279176062632643	0.5031308290767619	1.4655738040423123
0.17622404084592108	-0.2579793278396143	-0.016914917024732093	1.4165438050400843	-0.2438533664702648	0.026165377433794407	1.2305909421407486	0.38281853845875546	-0.007705185978779477	-0.2565575660855967	-0.2656508519043514	0.367993986928014	0.6674383240400918	0.7105153646306718	0.506870725336018	1.4498627305209233
-0.27375101933791823	2.2172738887330725	-0.2856914146033928	0.23835122924207697	-0.24404356972654329	-0.2722064384637694	0.20612699847486268	-0.31645730535704714	-0.3042602811708572	0.10876379711951521	-0.010653078443036007	-0.2695939176021674	1.0824729143843315	0.3777043682571111	0.13065542574893227	0.24535124072568593
0.0821094248245018	-0.2562527537267483	0.5822216662236561	0.8510783407275715	0.1729354723014497	-0.19338738396241192	0.7505455059568368	0.39339061362622096	0.5678462585463736	0.00581218137278787	-0.26465419326805945	-0.05546929601249062	1.3522087334683262	1.671516198063779	-0.33825691210413755	0.8503353922672456
0.006647722147134896	-0.25689789801269014	0.4975127617803734	0.8795118852193164	-0.24336914661823522	-0.036175144178201654	0.9928525881702075	0.3609659659893319	0.7032498267806638	-0.08578796971936638	-0.26520773624945526	0.34412560751871923	1.2558766140088118	1.6038548253454954	-0.26004338178713615	0.6972019781606003
-0.17746826459033543	0.7242984388635785	0.046839951636453145	0.7600359336595371	-0.2456407449182429	0.046097767159567704	0.7438019318440505	0.27218670821565594	0.034194487670799856	-0.22873687944250545	-0.2664195426804243	0.41328445725827107	1.584544981733298	1.0602140354727647	-0.28653410111787436	0.6435325440041902
-0.27504870733386466	2.0392362766769296	-0.28615501154665857	0.23900855563238496	-0.24536940181806968	-0.27368485594064357	0.20718746133578375	-0.31847132394633293	-0.3055837925600062	0.11189813205770677	-0.2665875461700695	-0.2704038338720051	1.1961752389531446	0.749698438747467	0.14401471251073766	0.24700590962712665
-0.2768690436553479	1.5496607312279704	-0.2882863405213276	0.24073842798172493	-0.24717310102207762	-0.27533256550316365	0.23096172254754221	-0.3207538702649869	-0.3077775141612239	0.13627178358955158	-0.26863287782766954	-0.27198814518204667	1.2697103784664518	1.1209371569950042	0.16572633042352455	0.24884859910647195
-0.27358331269428593	2.1566260286234895	-0.28483456467369145	0.23725087725792302	-0.24166388512964837	-0.2722957564475955	0.2056005467686065	-0.3163079738317516	-0.30383532320790746	0.3099383432734536	0.3084299512053399	-0.2692983006306532	0.8718150102912532	0.29054963898141745	0.20112422858993223	0.24564288300998502
0.19215299860844123	-0.25817522109541435	0.0011382084135504733	1.4239769518845269	-0.24316168062905832	0.012333586841292377	1.2049574855324756	0.39441336917094844	-0.021886012788610895	-0.2560205684846139	-0.2646173016349174	0.33202400772704166	0.6862960675622354	0.7266886177954275	0.5031296410251647	1.4669706892051393
-0.06905170074195092	0.6958610532652549	0.045660464674547985	0.6604865155347253	0.41103250168251254	-0.2730217340573309	0.2325360605208004	0.3239141025254802	-0.2428295635103546	0.1336940461605609	-0.26524695595896647	-0.26978150618314733	1.6794754264758152	1.2218345051676631	-0.37329857790037146	0.893473015777086
0.19220117971471037	-0.258598953703496	0.0006831346095209218	1.4245096057183755	-0.24346017289604008	0.013186513543387332	1.205564188373137	0.39482275006954576	-0.02321809001970561	-0.2537325758817274	-0.265888136987108	0.33205981911630483	0.68501054713287	0.7269442934311285	0.5027568079218071	1.4658699526986374
0.25805487506619496	-0.2570190276743802	0.06587059321855862	1.3373723272741977	0.3200824389461874	-0.2072474347850393	0.8792671182808961	0.38813178753136107	-0.2067040626040034	0.019604345472456652	-0.2652617751327922	-0.20836416504218166	0.7634567355270306	0.764096546977527	0.4314965970002969	1.6412370563218028
0.008716263220774456	-0.25602699145313085	0.5001397379694625	0.885911019250813	-0.24285755853314578	-0.05751610542649431	0.9722340777955236	0.3761320833317817	0.674535722778319	-0.08620023646666553	-0.26403438082941516	0.32081575538240353	1.2707597885168975	1.616386015632183	-0.26177764716172874	0.7143034842993163
0.2107083945979061	-0.2554874071733591	-0.015670844356658435	1.2845298788244417	0.4234740876457115	-0.23073026403683536	0.7984740168365629	0.3728100570995983	-0.30106058184855616	0.13817409614727644	-0.26539668524648646	-0.2701119132664953	0.739350764509209	0.7019251438905968	0.43061274301218966	1.6656400051657358
-0.2752429701555698	2.0520698722731274	-0.28544168733060854	0.23860630543602043	-0.24467846537673962	-0.27298394017894745	0.2068252528333258	-0.3174527534190934	-0.3046854221851907	0.1931704505616127	-0.26558918615673066	-0.26953515353929547	1.235724853212241	0.5583184162494486	0.166758286014824	0.2472862856427293
-0.15117814524569279	0.4266396499502474	-0.006033506805142072	0.7910369719691767	-0.24632951502318381	0.0005778455131727755	0.6807713699330455	0.35200418495820507	0.009421678620015306	-0.2580084169810192	-0.2666565555854936	0.3922421344950618	1.626977432564579	1.4653047970260735	-0.29376394922659177	0.6875351210006753
-0.12075749245216252	0.5496534592888374	0.012432437248504402	0.7999675089711709	-0.24554632396707554	-0.037501195647659996	0.6137648722789631	0.38312998244607277	-0.033657975786114805	-0.2569646405482011	-0.26627974833831475	0.3172705826219618	1.7131891104986567	1.3149559540508364	-0.30543854132340464	0.7242470786748074
0.28018721989999873	-0.2585977209406346	0.09096431624716236	1.3825925440162872	0.20077253075560048	-0.139346187781635	0.9499934861283237	0.40933127599396457	-0.1445877635663874	-0.1181112376266151	-0.2651858543062799	-0.0943476210544507	0.7773145826232701	0.7866445111562916	0.4323589936918715	1.6186349306122516
0.27066070341430665	-0.2564427495547683	0.08301107176165472	1.3934553587722558	0.1613026673956265	-0.13217768308278754	0.9705151286179878	0.4234421933598938	-0.14568829442680098	-0.16591090825277086	-0.26549948013751873	-0.054108301578618234	0.7765826093040089	0.7908285476441705	0.4311875324577414	1.6128045409269518
0.19290217525609352	-0.2570789049921926	0.0003983306623195626	1.423477954773701	-0.2434920566547166	0.013739977127968872	1.205666040777926	0.39510094511363214	-0.024073021517016555	-0.25573890684949124	-0.2660706013152519	0.3314034519822124	0.6855184818194797	0.7275072386210633	0.503919014678025	1.4663009992507177
0.0288256134054153	-0.2570486713012538	0.5212351942436136	0.8858839371321187	-0.24367296528234478	-0.04083072498220404	0.9691513334559492	0.3672611663128829	0.698110339000967	-0.08599013321618991	-0.26523572023204794	0.3034111614882409	1.2720733403270783	1.6206564201698954	-0.27292226732884545	0.7083554595901278
0.1765470656765044	-0.2576753110412886	-0.01850477252270858	1.4164419839744382	-0.24411549541596864	0.027256392869295848	1.231156213723425	0.3817678890257783	-0.007360843271313547	-0.2547273147813491	-0.2656265112049661	0.36774068730499015	0.6657867949880455	0.7108861946621491	0.506128128374193	1.449692982668606
0.17528707052783388	-0.2557278348311217	-0.014675390249135188	1.4157406978357083	-0.2435741525999376	0.03145630547088739	1.240539999736559	0.37701095212053326	-0.0021496217831505904	-0.2562315532339507	-0.26658631173392794	0.3712848292295241	0.6616246241989977	0.7073212440973455	0.5078939798711937	1.4439225958600166
0.19249357317473173	0.8869847535745986	-0.19560401544886474	0.9463980838766437	-0.19251649743414526	-0.2720046118357247	0.8656633184819644	-0.036586105659159734	-0.033685935944113135	0.31294448399715546	-0.26555234215022966	-0.2698437836507015	0.2557971530597787	0.29501385540864705	1.0027266506858523	0.8022804434728895
0.17346845739298106	-0.25710673761583963	-0.018126452800250076	1.425454553903609	-0.24413583683238532	-0.0019961353784819086	1.2012356962365267	0.40717582228819454	-0.05005847079279791	-0.25620056905281813	-0.26597525034200575	0.34102296175982955	0.6864300383173213	0.72698743091799	0.5133244114369306	1.4725705017433475
0.000916364998447522	-0.2569994450314299	0.5036909696693134	0.871465643373857	-0.24353867780038332	-0.0045754840610332526	1.0291479583328358	0.3335072764424535	0.7379600491415943	-0.08484288736536327	-0.26485532315817634	0.3723798631130326	1.2318420274285165	1.584952137822103	-0.2613882449234403	0.671085876225033
0.048055669354181374	-0.2023302050099418	-0.2846900959991464	1.1937540783277605	0.40478465069417136	-0.22878124767933453	0.7891775221993926	0.4641928257364123	-0.3048002504886879	0.29771554884794504	-0.2651771782782046	-0.2699247918539419	0.6655432801416408	0.5709038260426276	0.5761100614785245	1.6932772479172633
-0.10772386097611988	-0.18590914295682884	0.13719790591718767	0.6892156547997144	0.4316162514023101	-0.27438664485092695	0.46043236924541375	0.35565505291222343	0.08223995878481624	0.2546435109427245	-0.26739475203346214	-0.27111820485206195	1.6285449304528234	1.700691547246542	-0.37403344813917183	0.9180837457666307
0.28728890085542225	0.9652589766699053	0.10396704574165347	0.8307262508005133	-0.24367277696127104	-0.27178401717472406	0.8049159678677146	-0.3086413792152988	0.3852474492752219	0.22573902708514848	-0.2650529049234677	-0.26851862488150513	0.46915452246749834	0.5921039428807258	0.7743652706498607	0.47287501716919433
0.2722360272662504	-0.25747953873162693	0.08201589500710255	1.361447389937843	0.26636945865966627	-0.1719532714942298	0.915740215719409	0.39771335505911065	-0.17117516842804298	-0.05021100285551891	-0.26511430071016173	-0.15283637597422609	0.7721856271220178	0.7781658587985159	0.4313575930393879	1.6282131725881797
0.029900251093385788	-0.2571455335710675	0.5205321817166082	0.8864660274613204	-0.24248890684840493	-0.041345424789141674	0.9706269853098003	0.36667916934485706	0.6984518000596234	-0.08465879943875762	-0.265959572685301	0.303506802440683	1.2725877736753457	1.6202871612257153	-0.2721331163968144	0.7089845810590439
0.15757052888917872	-0.25757801569142486	0.0053658382165616275	1.4044305673550745	-0.24380854401666477	0.05819661090808054	1.2869367805761145	0.3408642631243706	0.01591567172293562	-0.25569664771001566	-0.26522342041822067	0.3972957646425008	0.6367662743131259	0.6861189074152709	0.5177565008931915	1.4224744127751043
0.19256647110705838	-0.2575458993307817	0.0009947051631755688	1.4246301646395794	-0.24429026963545974	0.013329897400315413	1.2056058169583426	0.3949108102852761	-0.02355162552566592	-0.2551809078964029	-0.26539026696905327	0.331412064939793	0.6845559619316526	0.7271827580520447	0.5031693534982321	1.4658714264629693
-0.12117762412316171	0.7437817237689901	0.011341126372590077	0.7935640996161135	-0.24426031538599935	-0.039790850804145794	0.6082131129960247	0.37584937962344384	-0.03494420518795613	-0.2228223390718752	-0.2662059065428789	0.31121499823100485	1.6584337210340874	1.0966817575507566	-0.3063121444699415	0.7176973457969238
0.04921703169542373	0.3324184848469126	-0.2853875949155833	0.9796473763904849	0.2961264902391487	-0.22969693125352927	0.791196519149911	0.4620636813029849	-0.3043460104248055	0.41638787540218164	-0.266102662654234	-0.26959538717053516	0.42409306882591025	0.3460479679209829	0.8420570685790463	1.517127161608097
-0.12897371509886946	0.5558980839278282	0.004976944454113341	0.7973215849716954	-0.24538214165766403	-0.027595856536243135	0.6296001665392104	0.37375419458919557	-0.018980611121450275	-0.2570611558836148	-0.2675172614535926	0.3417300664186078	1.7027507450385613	1.2949222176523543	-0.3018322051670144	0.7117552804734424
-0.2736407708764577	1.2437732667873325	-0.2848702309934877	0.5847617463797933	0.16216099395954542	-0.27164583773607487	0.20525900069106673	0.6011598730678696	-0.30476391285545856	0.08464370803859511	0.16460134221719125	0.028907234281285665	1.3158728007001315	0.5540505817642827	-0.017232580538284442	0.8666594974869782
-0.10757060055738943	0.3246842906336571	0.027431535737739474	0.8420371777715382	-0.18356118920699555	-0.05476557079089525	0.5887398611760947	0.3948309246594747	-0.05040379037014324	-0.22287616314029812	-0.2673740868019714	0.2778040636729848	1.9015944282561257	1.273616368709706	-0.2191381015692566	0.739238118131111
0.028355829558244144	-0.25642744296203257	0.5217281570399512	0.8852587027075847	-0.24381822099937817	-0.04195681411417087	0.969043739515988	0.36726528922299684	0.6981805650976924	-0.08491431623319559	-0.2654810414565513	0.30351783098515855	1.2730135538362144	1.6199088426552186	-0.27264054171535074	0.7097664472862505
-0.12028071416269202	0.7448006282714108	0.011399287609425476	0.7936998967292392	-0.245272060391852	-0.039893796934538164	0.6082154770633104	0.37663970558604065	-0.03611611873287987	-0.2231724134437512	-0.26617406884805594	0.3108064844623375	1.6585943768050004	1.0960802682116368	-0.3064697523544944	0.7175764380385059
-0.05142557681080681	0.8229497954026894	0.08112428103133215	0.7206141788115089	0.28133804748172025	-0.2226772063495788	0.3240494098456862	0.3650369622302425	-0.17748493575865756	-0.03240408225154201	-0.2654874509265702	-0.1660584765304188	1.6681453295275555	1.0846772369088513	-0.3722697230742002	0.8714463292580228
0.028788494020175942	-0.25707634974003074	0.5200702635032379	0.8861785589362753	-0.24224047161472498	-0.04216548304769628	0.9691542056198666	0.36563884560661786	0.6992216308710308	-0.08473340956092103	-0.2646039585420766	0.30443537334616166	1.2724572021400324	1.6199979084463267	-0.2730260102524787	0.7090445290321686
-0.0015964659601201137	-0.25620734838135956	0.5061853913557609	0.8705808040026446	-0.24300415306635106	-0.0021886166442753457	1.0386701503366171	0.3262824914973278	0.7430842087881484	-0.08518383835693967	-0.2654534069545785	0.3772349731570396	1.2279156351390506	1.57984793371863	-0.25833112159011723	0.6678332832096081
0.17486596838210444	-0.25654690641728883	-0.018744615425341685	1.4224631657439641	-0.24353257314592888	0.01251543578672945	1.2117518796949915	0.39648409128451634	-0.029057463230432692	-0.2569023334341047	-0.26595428478202165	0.35382893600827814	0.6776288795966443	0.7197292734934747	0.5112309526319885	1.460943072898608
0.31576325225452306	-0.25806588075548886	0.08531543271723417	1.437119564984315	0.13521387124549883	-0.16195019464551458	1.0251489888576386	0.39353192783289676	-0.1325104287545113	-0.18982264893664225	-0.2653497719666986	-0.035006901786065	0.7778211823989034	0.7918724692366824	0.408236070267398	1.5460804534807657
-0.1310379291920455	0.2784966529634034	0.005093168228334277	0.9791597133975637	-0.1982071497867941	-0.08521312466646802	0.6492495629284913	0.4157297636856162	-0.10040824967535465	-0.25612828914749264	-0.2674584448222004	0.28966756048885456	1.8777393561388143	1.3327042322015146	-0.17133548905440657	0.7566140444786755
0.05067961918808893	-0.2571511010572927	0.5443792709711581	0.8936718919925712	-0.17591486876011653	-0.08855859056695906	0.9139258782823731	0.393032239303279	0.6430298075035676	-0.08498311582419489	-0.2654814857688463	0.22481345194509117	1.3119029174242793	1.6530659202096696	-0.2875078247349624	0.7486569602877216
0.0887868380043392	-0.25657686768863	0.5849305194359378	0.8482350583409919	0.1890235416730231	-0.19566052226347702	0.7420665714216463	0.38690333720516185	0.5711923685491831	0.026684094668133165	-0.265031316754586	-0.07285352795051804	1.3504792928410212	1.6700206105164201	-0.3387795225849392	0.8523072257943173
0.02846479507417274	-0.2564630638943829	0.5215903381539826	0.8873034122395013	-0.24257439132965913	-0.04117993654684689	0.9690285349387957	0.36772824360301054	0.6978742037963956	-0.08498081506428057	-0.26533539763121733	0.304110939835465	1.2728137652568434	1.620900017633149	-0.27312304500613854	0.7094466550640363
0.029191770181053484	-0.25737207382529476	0.5208393512030965	0.8863850739119372	-0.24397079089025622	-0.041778821552710385	0.9691036150371342	0.3678506938235702	0.6983554452287235	-0.08521188897356145	-0.26444802970109027	0.30393882893939117	1.272319760170926	1.619785707547957	-0.27333068647232694	0.7095593413653458
-0.008822101303601046	-0.2569342221318665	0.4111325536051311	0.7010069459389764	0.43843511517019884	-0.2714138286625209	0.5729351872944841	0.3463221961504582	0.4316069664608482	0.4004485168007236	-0.2646183066158248	-0.26964238698608084	1.2862873732910234	1.527984664626891	-0.33244398113597073	0.9180511264073388
-0.15748840390609173	0.7237865283552121	-0.05233049773251627	0.6899027848688355	0.3615422805062891	-0.27372451105915846	0.25904532777816613	0.41474856206773936	-0.30488872054990007	0.06370985855723407	-0.26583898710049253	-0.22446146375803067	1.7193524569705094	1.1041032390752588	-0.35719474113157834	0.9280192271905411
-0.13267430314721965	0.2788792321484427	0.005854185190519348	0.9795003060753869	-0.19769784799330936	-0.0862802465644062	0.6475615076489702	0.41645718677108046	-0.09801454152602118	-0.25826704692333813	-0.2670383184722835	0.2893124508157163	1.8766504783006477	1.3333942714989158	-0.17232993745772063	0.7570928927200486
0.19463645385871198	-0.25697897963047933	0.001818018793573184	1.4246694710699306	-0.24410563017132783	0.012794271432542345	1.2038125831891513	0.39473880785910503	-0.02440051963245167	-0.2564791711292516	-0.26522208608840786	0.33087464028494334	0.684796674542465	0.7270868233491615	0.5022042652927567	1.465981383132868
-0.273658086726159	2.191324351922777	-0.2849524855861632	0.23838431280755704	-0.24397439758744083	-0.27204870655187235	0.2058282124107396	-0.3162717812306128	-0.3038535997671439	0.24659892178815865	-0.056988548184766986	-0.2693476036229714	1.0489160345787472	0.3866048289860722	0.1811774993824724	0.2461176458822644
0.028951509284435073	-0.2582940726655175	0.5204447120286841	0.8857590105698908	-0.24259133123742183	-0.04264305638374383	0.9696538397843776	0.36659453819685733	0.6992879856648857	-0.0852933609772449	-0.2638516186455463	0.3037726385621917	1.2725832655812002	1.619546899316858	-0.2723370391547655	0.7097680058117737
0.19355687982260655	-0.25736504015142875	0.0006249663951283652	1.4251514324824215	-0.2442144572689422	0.01208304396346141	1.2046996764956595	0.3961142301332885	-0.02383744708365418	-0.2561432450785374	-0.26435979902161394	0.3313490399593458	0.6863210064748475	0.7266235318576595	0.5030734305122482	1.465795378152936
0.002579908088570837	-0.2579149509484234	0.4993523385429718	0.8738982586434888	-0.24287619492145762	-0.009418428236661502	1.023416165811962	0.3377195062527333	0.7366956317325044	-0.0828094167877762	-0.26463611350119254	0.3680734047556679	1.2356349884162388	1.5875042032156237	-0.2609578674297953	0.6745810781643519
0.028119766185724662	-0.2558746135584975	0.5209452830623029	0.8863287384070115	-0.24280222214213296	-0.04339773907308857	0.9698482255416471	0.3673706885046654	0.6997219666975625	-0.08445815794495519	-0.2649243463130399	0.3043455393724701	1.2729845239300377	1.6201664352872285	-0.27381300828593963	0.7089768301645923
0.0672785901087317	-0.2553423000040123	0.5660429007512767	0.8683836637589148	0.10532602304851983	-0.18056620928652906	0.7862864735078978	0.41009219998504287	0.5667984723622543	-0.07421225370596715	-0.2648509617907313	0.015568616970340246	1.3499924205388494	1.6739781528340274	-0.33835177509949627	0.8372031323011738
0.006940328652944194	-0.2566842433177023	0.5013510188452467	0.8841180152669134	-0.24342504822255226	-0.05785939112417807	0.9727463682589488	0.37647085960485305	0.6750152303358468	-0.08549922728348476	-0.26428276977651444	0.32149841155549885	1.2706397114707897	1.617188397071823	-0.26205906766506615	0.7145042890806378
-0.2739918135460426	1.1513158540287094	-0.2853257436152246	0.6051319638265715	0.1608268944590402	-0.27182142855444325	0.20591645489700205	0.5998983449217836	-0.30426081888785095	0.06374378614072422	0.42867543142710623	0.05109086061753512	1.1800430320973536	0.5725696357275183	-0.02918910625324672	0.8748467780738227
0.028444830550601832	-0.2585790666496982	0.5226605602262626	0.8867797085312035	-0.24333453304093547	-0.041214243200311834	0.9677436388660263	0.3668242896593034	0.6969504396804782	-0.08457345372306159	-0.2653058656522717	0.3031441425803052	1.2715776264968106	1.6199767618577288	-0.27223681762533186	0.7096743840161858
0.008674801763772819	-0.25622145123011664	0.5030535073779775	0.8851830979094683	-0.2426575277058357	-0.05801125500182061	0.9717448515233417	0.37648341153841264	0.6742441338503975	-0.08649202598793371	-0.2662913109093903	0.31950280663050334	1.2705415665454973	1.6163663623023967	-0.26149082114458844	0.714845102109936
0.19380150557811565	-0.25821476653734704	0.00045513582162819144	1.4249315106879654	-0.2435160277427208	0.012032341163356955	1.205233452476731	0.39480702843519094	-0.023638859961559934	-0.2554789247828239	-0.2651848042422611	0.33191925149585	0.6850256745820207	0.7264145686383783	0.5031465040225631	1.4657229572835198
-0.05664459583894967	0.5292039568576783	0.08282201717610353	0.7618274186433359	0.20056250743491078	-0.19377898143171624	0.3796635790831997	0.40258566532657103	-0.1624742480247936	-0.14009878302725595	-0.2670033357632134	-0.07150637771812027	1.795818348851037	1.3871978233595592	-0.37405359785582176	0.8714649818247696
0.16255949897905503	-0.258252172816834	-0.0011996176501381656	1.407810065560399	-0.24318062269765076	0.04975828829844475	1.2734392531626408	0.35093581355214576	0.012174831103615141	-0.25551888158044095	-0.26537471065934115	0.39066623476161516	0.6449174107636786	0.6923238236910819	0.5154733918631396	1.429522669792345
0.19297642853616798	-0.2563284782325331	0.0009461393711648891	1.4255094685918743	-0.24356393740394325	0.012560873201337822	1.2051793919684126	0.3956786081735247	-0.02376716994280971	-0.25598515694669943	-0.26579103850944485	0.3308802724555537	0.6845003316408549	0.7271510395129634	0.5032292034955748	1.466002080514854
0.19287715452491355	-0.2574777532060126	0.0006436954334445993	1.4244035250568452	-0.2443563543319959	0.01318284687822531	1.204861811402702	0.3947464069745974	-0.023472909775818056	-0.2560464797267679	-0.26532834059387256	0.33124664107107515	0.6852035334719413	0.72711607243772	0.5036791152142532	1.4655945713646208
0.029344109022102965	-0.25672708542909056	0.5209068380163915	0.885399591070521	-0.24255404670474254	-0.041740686229305886	0.9707489453599623	0.36712966802734487	0.6978107481349963	-0.08505125805668816	-0.26555362671275534	0.30399852977315645	1.2739230935737709	1.6198479473443677	-0.2719568161820736	0.7094442386793364
0.1764626099197218	-0.25700336133775836	-0.017934302057299817	1.416383204055173	-0.24476709102082697	0.02694740812819575	1.2299344363097358	0.3822503345164914	-0.008202296969022554	-0.2569958759766986	-0.2644053516390948	0.36759748416888394	0.6665774682422191	0.7109718300330399	0.5073089219374006	1.4506153035312492
0.1937861772985083	-0.25753402832013683	-0.0003029013864983554	1.4238444768113574	-0.24427062750629613	0.012339760925601462	1.2053142643999424	0.39472513493591915	-0.022628182150845833	-0.2562656714684235	-0.26532620963003417	0.3313359382277129	0.6854191973579384	0.7265108824482922	0.5027150892034912	1.464332448215906
0.028522254302587924	-0.2577948014610694	0.5214586602852763	0.8854246270251391	-0.24203557932356626	-0.04254669921628611	0.9689391980296627	0.36694445543912635	0.6978388440380682	-0.0839192401596781	-0.26410208156691606	0.3048126572986072	1.272725160298449	1.6202763516471497	-0.2736906124139405	0.7104545600615318
0.19326451911621156	-0.2575299407853999	0.00013947573030130556	1.424644196153206	-0.24272551109655593	0.012667826944627023	1.205306730844953	0.3939713866517052	-0.02204104382153848	-0.2549146018436939	-0.26638112170548933	0.3317517208584223	0.685254850589207	0.7281261504212768	0.5031354676811581	1.4652405698853777
0.19264532783930288	-0.2570991399727955	0.0001279625368248577	1.4236524376462953	-0.243789993341665	0.012071066108926165	1.2061679038061843	0.3950494137468089	-0.022222782374900607	-0.25623908401063156	-0.2646306186118896	0.33044759185580064	0.6852047701725201	0.7266055686588146	0.502669369408443	1.464447684540346
0.1925985861149178	-0.25712748688700054	0.0006362648375516644	1.4237132402338335	-0.2435889509750929	0.01305109993612491	1.2055056368977435	0.3939826729450048	-0.022849158921587835	-0.25535779224216804	-0.26526385252652335	0.3318626324078272	0.6851307923086061	0.7275399418620208	0.5029444438142467	1.465992439585273
