-0.17999389692059603	-0.2721772038103373	1.2290351591038635	-0.045666322431706804	0.5175523715661459	-0.1703788864684772	-0.13689793685664142	-0.1977048845325035	-0.0887843529119964	-0.08154854023664067	0.3343508900673638	-0.21559203927117696	0.8951112785675399	0.26629457158168424	1.1538853523027206	0.3560539539309918	0.04777478190384289	-0.19603516674970992	0.47804780714739264	0.5114502434673749	0.054864993355743026	-0.24784167833877357	0.2741003435093965	0.6417233091968162	0.8420666885248042	0.9177791199267638	0.1562158227119602	0.06602062229131711	0.21816529197280224	0.7012725905048937	-0.1955047664124498	-0.25500409302021276
0.18933925220178258	0.17361725617335896	0.21427422597579196	-0.26227151607075005	0.2553722279836379	0.23716986646275753	0.24782630863802527	0.059796768828725075	0.6608294333279519	0.3653204891225163	0.2363417892693589	0.3083566608499776	0.696298401849947	0.49839543410307274	0.1856322134740451	0.15830461102773996	0.6079761817037668	0.4242158706539405	-0.074700948080085	-0.18601428636552028	1.185212096586061	0.575845447522547	0.06141817584946001	0.06764353918103194	0.20761007456127414	0.8015916098543703	0.6447821320878927	0.4304395952019088	0.18191012797420755	-0.003274528555888205	0.1427366223050899	0.171867778963494
-0.18013404608391131	-0.2720351037593096	0.4185667925471537	-0.05861691953117118	0.5470867275570022	0.3457858638949868	-0.13404683464255243	0.016557359016205614	0.9457687892991451	-0.08054441845423874	0.3888360214236832	0.24776320943216834	0.18289470646715697	0.10662753140263069	0.36847800015317517	0.16338808820587672	0.0465939184262591	-0.19705927815214827	-0.07284764229437075	0.5586728730995246	0.878426272374242	-0.09313377533904184	0.17128062864366744	0.3017339529275933	0.18138972679765392	0.12181314240338482	0.15585786943447402	0.06490906115600745	0.8658220615046683	0.902896104776469	-0.19532070113878172	-0.18692145631652193
-0.17905990709495093	-0.27302599266216143	0.3153045119877116	-0.02282614351592205	0.6184625710631376	0.15441552346012574	-0.1324516867409898	-0.1622010600095141	0.9380045016556927	-0.07862242029654667	0.3312625280737639	0.09596156954919337	0.1836743038176773	0.10737401737061188	0.23441202667419006	0.1622507599800813	0.049472646637831644	-0.19443094917779527	-0.07587850434642711	0.5921308457126451	0.7672616404351578	-0.22834397730601752	0.2707770863781858	0.2837992057037308	0.1822692718349546	0.1220382106209622	0.15771713946149932	0.0662498051292992	0.9022146810607377	1.1253161846200919	-0.19425900648943342	-0.06186022226478052
-0.1815329176836479	-0.2705786750702693	1.3226769785999943	-0.261462869061825	0.7064459006101549	-0.1751412589295547	-0.13921929542229605	-0.1982059788006452	0.2394929456414866	-0.08463004772838398	0.5591578905242424	-0.21686287198413778	1.1276207458794714	0.14020483704050102	1.4490755667980721	0.23092915284634113	0.04416956780501672	-0.20022312139037737	0.46045084484069426	0.30230865321926553	0.12864083790549846	-0.24746005689987005	0.43937725368539465	0.6576783737731684	0.7716018241004325	0.9373257527572397	0.15080024310062032	0.0670524585393257	0.4170769061261388	0.554002095099596	-0.1977086551339484	-0.25537062946719136
-0.15356781286748253	-0.2714480790435762	0.4112261791940327	-0.08320687662117275	0.5331712443167006	0.5377005563043162	-0.1335590236589149	0.2185727554232586	0.8726368605074228	-0.07976735337760973	0.38849390423121594	0.46201326919221036	0.1884140973096202	0.10719736558285083	0.3674153315086795	0.16057699352178087	0.050590028882037896	-0.19357668575293965	-0.07422123271118039	0.5036444043007373	0.9509135532342091	0.08442470574717822	0.06128283634996697	0.2924051342167959	0.181764392338171	0.12233438805943005	0.15581819460721186	0.06685928791459408	0.7147879038334519	0.7063257290803974	-0.18592161415427388	-0.2540431638853855
-0.04944840183019138	-0.2718895581809553	0.36236481336109166	-0.05688317974724979	0.5138781326395264	0.6527530673504196	-0.13457718238792538	0.36151991755480445	0.7621346333971271	-0.06334799443492904	0.3404478312081703	0.56531461375791	0.18314695441793077	0.10709319989663005	0.2752634425812813	0.1597222106371258	0.04973594016102371	-0.1938869185994711	-0.07407187356369212	0.4871222291328701	0.9515011885356541	0.22626182085424412	0.060981450698929726	0.24583585384028536	0.18132631860217474	0.12250335786222975	0.15517603323774715	0.06636930311447464	0.5576574794369618	0.6210015067203188	-0.12828503864144253	-0.2544965149996582
-0.040068405250243466	0.37223784859737313	0.21536192992527056	-0.24941759518092463	0.2556309555266396	0.4527613159761831	-0.10216390986384397	-0.09471094468633778	1.3692738633743535	0.1875657453301201	0.23588392492899699	0.975417766329254	0.18274406350216185	0.10429330441960952	0.18657905315512002	0.1600933307362401	0.04789469860530969	0.02681146391082387	-0.07147898683164344	-0.18570621106901253	1.2734709540342737	-0.1760187332443992	0.15462180341936815	0.06868414357782844	0.18052833210608057	0.16336396956839444	0.17687490406399983	0.06599523919865123	0.3935691316769325	0.23857046245735808	-0.08930182763428676	0.5957893223368412
0.12782309145457305	-0.2722633947660457	0.4936251571183862	-0.23257476514693437	0.6118413265678216	0.7667317950474922	-0.1343436350548605	0.5460698319777539	0.5173610831721072	0.00938613147175929	0.5055161697045621	0.6394743222420857	0.37425419359404216	0.10546062108314117	0.5244951584233123	0.16187351441168724	0.048974633334711845	-0.19407546325576602	-0.07561587237474712	0.3903949288228403	0.8777865013158098	0.4053364775918059	0.05885977575944154	0.36567138069122973	0.1812798032199035	0.16297525628172238	0.15525156612884106	0.06571366116137671	0.1870240483542787	0.30478898731094656	-0.0023131603688793384	-0.25381060686016027
-0.17281751342799087	-0.2724056450265012	0.4142777730280546	-0.07333457769333114	0.5417231153698995	0.4508515997110215	-0.1337567542138854	0.11970413515706108	0.9122259901822534	-0.08013557836262532	0.3891378542416014	0.3707039888006155	0.1832580976067647	0.10674927226694621	0.36653332720565385	0.16105121009758697	0.04774184051993715	-0.1951134838429696	-0.07325074650377499	0.5247850800519637	0.9258795675129525	-0.006346407016654926	0.10137531894127652	0.2968831359611561	0.18121577147448836	0.12129291790197601	0.15605418934950244	0.06615273139156551	0.802753275294551	0.811204470125928	-0.19292141246378192	-0.255296841997989
0.4078887998242535	-0.02742274121617563	0.21463599029039762	-0.04349800103106405	0.25505894195323153	1.113434548189048	-0.07628201395847932	0.8308005119370899	0.45483708479271967	0.20956734857200235	0.24583696203013097	1.0333388032073725	0.18256710640142437	0.10504933768310602	0.18524237412272748	0.1607242412381351	0.08996462627216008	-0.19565667311045565	-0.07330018234010431	-0.18565771520498528	0.7618578529242198	0.6698088413925337	0.062308428429722	0.06774064821235397	0.18083251131771846	0.12262801069074837	0.15361263176892123	0.06589462329624775	-0.2236220455508034	0.130875287482907	0.20575910759127497	0.13356745388828828
-0.17971675304112816	-0.2713038857352945	1.219911095900141	-0.2616826954692479	0.7458776089736316	-0.17117695356652401	-0.13458496845973408	-0.1973134364371122	-0.1582151020086876	-0.06070453789555864	0.557730321166348	-0.2146754368681414	1.4015531519886602	0.593841015412365	1.426276274087204	0.43343595491353426	0.20245297882130348	-0.19441208990169379	0.45891659593596146	0.02066634342984816	0.09194935271854224	-0.1228828936720996	0.3891613753099993	0.8687222008505584	0.8612047400008992	1.217532120545351	0.3443600308295384	0.06640573332539039	-0.10122181832822891	-0.0089589091911834	-0.19475679065653995	-0.2400934591033367
0.32928943536343597	-0.2705502010766791	0.4965495687029832	-0.2608877509498586	0.6952942583981842	0.8083400475547655	-0.1224651393035212	0.7130844858072235	0.0877793251309289	0.12602757089988081	0.5524937938864942	0.5824843187789885	0.4578851450792103	0.10366061663809864	0.5564329587348389	0.1591009216741587	0.046258236386133196	-0.19869875390721575	-0.06844041514591336	0.29049422416242165	0.6464177335928805	0.6059931662947793	0.11403233988606117	0.3796401095081371	0.18006839171000225	0.2202786783489618	0.15159481778567532	0.06679050367496916	-0.1387865607578814	0.19822783722728948	0.14880066676160464	-0.2555323313412374
-0.17970873158467432	0.14346961231642305	0.4191067820365631	0.25356010543509233	0.2545562591989324	0.4462392076909542	-0.13436772757859086	-0.0283282313848513	1.450973565413506	-0.04159600467719557	0.24108202629360403	0.6851224521978578	0.3248097741654441	0.10786768881265113	0.4579822036878102	0.16176578518385007	0.04780268982502837	-0.1955262863202558	0.05055722582977089	-0.18782798913475374	0.8419899999059899	-0.24765359780711002	0.2920169961549316	0.06581054887508436	0.28561364299951175	0.2491632751500884	0.15791967778621097	0.06587995776055725	0.47000847120311795	0.6637482393011946	-0.19447521542714263	0.496975360708828
-0.17907270228190664	0.06396364135094984	0.2142050512884879	0.16479688003856213	0.2554679130405086	0.7857651649410448	-0.13463086377359032	0.159581443800761	1.4390109457347953	-0.0516619790914908	0.23895659810041564	0.961518040637942	0.18342708702469887	0.10656501641355792	0.18554556386145257	0.1603047629138879	0.04984459664673135	-0.1939735953875581	-0.07514016274253664	-0.18665289905479776	1.0696128101452413	-0.08386459282619016	0.11076003754227513	0.06659124590473811	0.1813023493412556	0.12201516175590497	0.1560603023852085	0.06564580675215058	0.5470233262153694	0.5237775349987177	-0.19427062512009421	0.3022333766147136
0.35129666266019643	-0.27170920759247824	0.3940451599420263	-0.0790666636875313	0.5177840911797748	0.8053633995733637	-0.0997738384677231	0.7240226421521603	0.0742477563779528	0.14269484478617733	0.37338283764060554	0.5667321169704681	0.1822020321729537	0.10517880907444054	0.3409093915960781	0.15978892116481688	0.07082757523290284	-0.19493963866079214	-0.07454535647499522	0.48211812529629555	0.6146923754947813	0.6212057667506614	0.061303713332714144	0.27316656549156365	0.17998590675978404	0.12197517176789335	0.1539658938709529	0.06693029273935065	-0.07442591425519088	0.47915573700935526	0.16495583192266294	-0.25468086085644004
0.5728924233974295	-0.05837509204652797	0.21408122338297206	-0.0038821504650046077	0.2549245763784394	0.9771959927970605	0.13225139035358616	0.876675897923481	0.32658010845458857	0.2923376190546838	0.32121638396377844	0.7612301505596691	0.18261658000224518	0.10625553950752742	0.18545171651767708	0.16066043040314787	0.3126152174739849	-0.19454913361307005	-0.0750791655461664	-0.18675958447990282	0.32029411299840815	0.7749083235262914	0.059499949197884455	0.06573976344583746	0.18072260172183915	0.12179832441080717	0.15576853394443935	0.06536863114171736	-0.2026579490870422	0.18550112346701544	0.31317716204600565	0.11579696544278346
0.3634172979820928	-0.05784845182483071	0.2134068528473138	-0.005136402704721025	0.2545808475059983	1.139339832640056	-0.10930065695596344	0.8159598915676953	0.4989512618613051	0.16453838099992457	0.24103468184341484	1.0816325065602135	0.18322117877327676	0.10724372402436225	0.18451309225348098	0.1628656855960533	0.05872355351313587	-0.19394819146112094	-0.07503748246751468	-0.18785234980561216	0.8234015853022175	0.6327811034271046	0.058478755029436	0.06481791867259765	0.18225738760339036	0.12177362671519115	0.15731584912252353	0.0649719397318417	-0.19302882186202594	0.18639558400775366	0.1749387310533169	0.1168418364763431
0.2326322496739086	-0.27229145167978863	0.3990594898024736	-0.0819801303653959	0.518134070304329	0.8015732176313852	-0.12951588562131383	0.6398466626288316	0.3168510200297203	0.07096312326684183	0.37577658988302887	0.6352024025526184	0.1823422601741583	0.10654520879227779	0.35093379179261747	0.1614561287740361	0.048288132969584396	-0.1947593271482782	-0.07462278675196699	0.48162165786800154	0.7824006539987196	0.5063219515472346	0.06018818605996358	0.2771798624010107	0.18141005729764972	0.12190957002014345	0.15506875128792566	0.0653353547769621	0.09017233259588897	0.4713472364441066	0.07705644217487956	-0.2544971497408261
-0.18020709654501563	-0.27046317905734896	1.3687770785487006	-0.2536252532502504	0.6251039053686241	-0.17221397833036528	-0.13493483504714193	-0.19688933160890687	0.0895450061015976	-0.0820792930379811	0.5273970742514537	-0.21499161872564823	1.1059750756684088	0.1964459555238033	1.4539550045051761	0.2971548570090599	0.04466855014009075	-0.19783659593185746	0.47722436615988056	0.38246636281575047	0.059668595023364725	-0.24708291329577986	0.33966498434304376	0.7185282764026143	0.8188019347018529	0.9545149760344587	0.16860710113891136	0.06531894279228746	0.27842140132820203	0.5212861399067706	-0.19562711540889388	-0.2545572813322338
0.22846145865863063	-0.2713510382977528	0.4059085001435924	-0.09243717075448338	0.5317113724685156	0.7994136083067809	-0.1343435945688493	0.6358300480789222	0.3298515453131514	0.06866652938574243	0.3869068118428933	0.6390585956252061	0.19211565864568278	0.10582822539180417	0.3618385879181795	0.16038335534581	0.048082330935730694	-0.1947647557630929	-0.0729560966172392	0.47837981104353794	0.7892866304138705	0.5004525184377004	0.06170259403683249	0.2873572515632357	0.18156827529627625	0.12206769606885648	0.15516484437793934	0.06663291771330479	0.06739623582917886	0.46219196573304455	0.07465246641795473	-0.2551461923468092
-0.18106805023358594	-0.26983641220886057	1.3881380012696736	-0.25329488123611377	0.6283749641600673	-0.17164759415111516	-0.13429289787657542	-0.1965696676364325	-0.14262748331452976	-0.08166671492201227	0.5279920208616005	-0.21392861734292223	1.1336704159765838	0.32079857051317984	1.4380300469204332	0.3871291373235881	0.04450855381805637	-0.19770070729328915	0.48062109538547737	0.38221334055674977	0.053455690063934524	-0.24793560821501145	0.25659269643463045	0.8021318785656237	0.8604390941728739	1.0008366605460952	0.19144733826881372	0.06422059989169508	0.05828632409931683	0.3850507567033029	-0.19558747156232498	-0.25381466616773257
0.6322733569805863	-0.025884350833914938	0.21463181323554764	0.024280409903305985	0.2552490838481605	0.7813273065719476	0.3116178193689818	0.8324122794108229	0.34113557344394196	0.340881229838649	0.46698762029462515	0.4843180249798286	0.1819412363720736	0.23531615306861167	0.18594803478530234	0.1623017166235953	0.5692495251898497	-0.1315912990753745	-0.07358300881746654	-0.18599674247022263	0.28318999335531014	0.7635865750485182	0.06046133542351853	0.06572238781833757	0.18066640221533312	0.12132582638476819	0.2059436970513962	0.06811357382993238	-0.20094030735166094	0.15526696280737826	0.34982991289687915	0.1170562414199755
-0.1795857230547114	0.16473194771808986	0.2970192159012418	0.23215661925232364	0.25543906758309254	0.5384701194232765	-0.13540748748021747	-0.033910781730867104	1.49801573859727	-0.03184299469099917	0.23781976262822058	0.7478494146343017	0.23092532337452168	0.10583077937291625	0.3391182736868768	0.15996088377641182	0.04981531697335933	-0.19533712659401825	-0.03532313843571313	-0.186657055182042	0.9162909174191474	-0.24722291717570752	0.2546576531756754	0.06787675532579357	0.19909153711521163	0.14868552934888077	0.15508990850310686	0.06741700634159803	0.4576603234676627	0.614477299029615	-0.19514511456048556	0.5651553279455448
-0.051434551948516566	-0.27215983200142024	0.3387501028207573	-0.03210230438094234	0.4889351313661033	0.6759175990830053	-0.13555705582510377	0.355544944777803	0.764904938259387	-0.06552804020052974	0.30761811862485927	0.5623659676467094	0.18146966484217023	0.10439449299062314	0.23889436844832632	0.16098557048862155	0.04804084403064846	-0.1959613805806815	-0.07377705037788802	0.4871342201205049	0.953246343839596	0.22055407348629386	0.06285976294559256	0.22205456158990203	0.17982167190668405	0.12159320181863367	0.15489968833490947	0.06608721515991123	0.5728037635073464	0.6530821945760708	-0.12502442572234732	-0.2549420427793411
0.5258470859257667	-0.2717664789891967	0.3331684021344058	-0.031423251606906066	0.47971632095239514	0.7400689930791666	0.04686573013091114	0.7955818395045136	-0.15694601647796108	0.2489402324233486	0.3373923537527941	0.34767506455310593	0.18249689576896205	0.1060844435024927	0.2313364111250677	0.1591053679530834	0.2024393597344581	-0.19413042481949397	-0.07409378521622668	0.476234488682936	0.2268515865240617	0.7536779711276279	0.060768219320261864	0.21581034369081398	0.18035741180477416	0.12189527593958219	0.15459893972573244	0.06766189399169828	-0.09769484530940627	0.5387702891904939	0.28400269528033356	-0.25431051953990774
0.20566230958229373	-0.2712667221527628	0.32407458363059743	-0.09843181772956948	0.5976511995099306	0.78861857748623	-0.13454403535163648	0.6149644749249021	0.38007126258786916	0.05534725251925318	0.3591870539475721	0.6388470934676955	0.18272025437228998	0.10644732319531901	0.24964187946354577	0.15923127628319134	0.051626058516070106	-0.193571409845133	-0.07454366885914379	0.4462096595385039	0.8099962987271401	0.47520995515566	0.06103005496683822	0.2957109407538811	0.18053307103804214	0.1225409523218832	0.1546677120473327	0.06659111055018323	0.13523369887510947	0.5149912644391275	0.05820252700885856	-0.25507683250098956
-0.1512983343941376	-0.036093174566911045	0.21428857264504794	-0.03850062450981819	0.25486810240195057	0.8729052087556419	-0.1344078784341163	0.2466495728781563	1.32114385276292	-0.0718787822601484	0.23833862596679625	1.0860959724970267	0.18269270892196543	0.10668334024756737	0.1857810448882278	0.16018668759377727	0.049488597526968395	-0.19471210637460162	-0.074224741485158	-0.18643356008600004	1.1687788713428922	0.05771781753012667	0.062270435095345654	0.06718050169277283	0.1803665598748814	0.12152346736264977	0.1554507877261922	0.06590577172116442	0.545748597975189	0.5237890432497119	-0.1842351095801666	0.177454599175186
0.7934649157451729	-0.04459392913460317	0.21385277151266527	-0.26140312891757117	0.2548301826952091	0.44170168905713686	0.5118634436095872	0.7317212758668943	-0.033789479312945084	0.549606265467812	0.48361587324122957	-0.006773831583938322	0.4694257751500697	0.46004531180632746	0.1975452702438003	0.16214752321314768	0.8855189673984944	0.19504402274254984	-0.07515601409262347	-0.18664635482242112	0.3623771387051915	1.087458109195858	0.06473636558005659	0.06487663607164967	0.2133057616976155	0.48785396367532885	0.4619777856370254	0.27549397350752014	-0.22497428163915287	-0.09270369918571061	0.5219928897502499	-0.05486293509365987
0.3267712873297225	-0.04861741544634113	0.21363401838196322	0.026631919720635198	0.2553528836838807	1.1434543974971287	-0.11855363936155235	0.8012678745461744	0.6044185967098191	0.14599665941498946	0.23980189289312207	1.0928922852470522	0.18348120572531088	0.10646777989760277	0.18535031302212202	0.162879493021269	0.0497501934470824	-0.19579761880147445	-0.07218780604475199	-0.18800719160315874	0.8830233154864555	0.5982814654884772	0.0610376278642548	0.06477194570830998	0.1821393177038871	0.12074901447159626	0.15605887397816523	0.06427325993963436	-0.17232297741703176	0.15159032490817517	0.14800800666609937	0.11863795941847075
0.5196215409347054	-0.27137223802743504	0.32346180197123436	-0.057671825847124755	0.5324861029033404	0.7351644079097444	0.03977908986930005	0.7950816704277868	-0.15696357024473773	0.24603061367596646	0.35106239364407205	0.3841390392165901	0.18273093613498972	0.10563123297043518	0.20545989765994258	0.1615324638808497	0.1864268079084101	-0.19512867344616533	-0.07429463931181376	0.4584475161426553	0.2455940941370889	0.7492945034687797	0.06063770154041271	0.2259933311481113	0.18080563449424042	0.12138002709913566	0.15526915577733552	0.0662626539678334	-0.1016291916372533	0.544740150083594	0.28113627729185947	-0.25455126090296726
-0.17952157511291478	-0.27255576506011336	0.3637794188555069	0.01719564547149309	0.4964085456034274	0.3168925941818243	-0.13489472243608175	-0.050514619690061394	0.9423729881733044	-0.08017631043736227	0.3055510757410824	0.17072314706834432	0.18314434752197323	0.10583842441767866	0.2734239589672205	0.16059788723395194	0.04928825998632678	-0.19543991203869318	-0.07386958939027027	0.5918182944545054	0.8431166361637437	-0.14035787669934868	0.2064937052677232	0.2421576762615503	0.18220220716763896	0.12278307492966409	0.1552249300935727	0.06704980103527428	0.9037584248112318	1.0230388696618458	-0.1949151454204488	-0.14606908454724704
0.5233150521384078	-0.0408121904664764	0.21431995925732844	-0.0021903337736051613	0.25535851651665165	1.0446885808232964	0.04182529325385009	0.8805932034306113	0.341762107292354	0.2697677513678963	0.2702280905922215	0.8612687220483488	0.18248021552815105	0.10653178872124934	0.18522634260153478	0.15940032358895267	0.18926931644822811	-0.19412802275627672	-0.07471758276362078	-0.18640942438659433	0.4744074985189403	0.7530051198441454	0.06019672345288311	0.06636267069900487	0.18070234785056716	0.12189701210896198	0.15571554466118134	0.06745018924595549	-0.21379236149278733	0.13963202983452128	0.281225123343929	0.12575033799590943
0.6141175256928968	-0.26749205826274386	0.3403821773303534	-0.038356811747550165	0.4874393592906136	0.5659434955358433	0.23044180107513496	0.773747329411297	-0.15739144629303825	0.3048069506151872	0.4721813191021095	0.09537305898045587	0.18307627214682226	0.14193395914719492	0.2426419762660053	0.16069823839026645	0.45689089704006003	-0.18070377667028992	-0.07229888210893888	0.4767924388329611	0.05423308513450684	0.7817575209399439	0.061570805841633915	0.2234030563371252	0.1810427787448908	0.12180102376392403	0.16413981964954047	0.0663835430835097	-0.09919393710722334	0.5334627038237153	0.3383302893936781	-0.2548067501402399
0.3995649724493602	-0.2716232309815627	0.4029463374540984	-0.08700865122961686	0.5251243932288963	0.7893990548782068	-0.07469457887498192	0.7510510710809273	-0.015240434080640075	0.17404181490012013	0.3919387976239538	0.5244673820073709	0.18482135411944453	0.10505905924791409	0.3569756380156447	0.15957461936656678	0.09511164632984712	-0.19553216134497406	-0.07372472458176181	0.481597807979614	0.5250362575831297	0.6612575445796087	0.06271371037783993	0.284740668774321	0.17992515876105797	0.12255873871098086	0.15436036763052502	0.06610997290447054	-0.1071688431667443	0.4678320732387753	0.20081929914668423	-0.2544922982784749
-0.1787416473878871	0.08703511189157331	0.28396515835142927	0.2746160723248072	0.2550250500976053	0.5539880842255895	-0.1338148524592458	-0.029672816821896236	1.462451395380398	-0.06925963740061838	0.23919555990490485	0.7483012786881889	0.21953022073994086	0.10712863907668047	0.3293973403365564	0.15989602508230982	0.05268571728492856	-0.19351315065563574	-0.04788284034634029	-0.18671670282659591	0.8823683030225405	-0.2473897171193544	0.2568287245085336	0.06645472551805191	0.18889569109623527	0.13602948403691087	0.15598329108234488	0.067806794747094	0.5325823671495431	0.7505943800339148	-0.19499475560916382	0.5066805972050075
0.44820415200580266	-0.27090174736609224	0.39156870932339516	-0.07580503326888956	0.5135234290101088	0.7725284360811058	-0.06508989917554799	0.7751477144166737	-0.1449227933469003	0.20073024859613667	0.3819750339830507	0.4629007238103868	0.18256862982186858	0.10677597169550782	0.33684715845747115	0.1612815127066135	0.08793014715248605	-0.1960936058025184	-0.07180288126452178	0.48131925353004246	0.4246682300253013	0.7055095731381683	0.06245340317720711	0.2705154816093255	0.18100598122571648	0.12270304654557744	0.15607373894395496	0.06584632519494465	-0.1149378843442092	0.48268808813524255	0.23410533733663508	-0.2545267674687753
-0.1797522141791711	-0.27046993513632445	1.3862867078711318	-0.2530933535998453	0.6451951474247672	-0.17158006667294498	-0.13348521925552306	-0.19624551674490034	-0.15257267620979933	-0.08108323548408435	0.5294574117440701	-0.21398669697029865	1.1358915647941383	0.36745545038984323	1.4230685814173119	0.4105426038057373	0.045297553381967365	-0.19696999420578148	0.47331757997412166	0.38174672728877	0.053805000866748345	-0.24688457569751346	0.232326609371924	0.824732890045075	0.8620980593254226	1.0062175314911705	0.19695582179492088	0.0649895380111157	0.015249103477753614	0.35968284231103614	-0.19534309256312474	-0.25412065772567316
-0.17918421417014718	0.06480265748367205	0.21444660095279922	0.1638653813875817	0.2554844473704444	0.7865299244649488	-0.13417026565393442	0.16145152405992752	1.4372169340168255	-0.05217228394287019	0.23782965948371437	0.9607022668881295	0.18299456130690564	0.10617943887344188	0.18586774318239394	0.1604455570325555	0.050811526677987134	-0.19354203718195823	-0.0751579146755428	-0.18701767856748386	1.068597135557951	-0.08376697707636482	0.1112868762623807	0.06713483221353027	0.18156363864683328	0.1220904581557972	0.15523439971255956	0.06675803832823951	0.5479869325609334	0.5271759013988997	-0.193969655268271	0.30106970375752
-0.18151431630764323	-0.27151178501072043	0.508821549139855	-0.26012082932505065	0.7147387783804071	0.39803656644729035	-0.1390605293172164	0.05594974819949393	0.9643258701988764	-0.08310401460555687	0.5704215862454686	0.30614013687240527	0.47068799752458856	0.1037861450434629	0.5730072124790552	0.161399122492593	0.04717961425365284	-0.19854770495585417	-0.07105112917235257	0.3113253926719151	0.9208220194412702	-0.057125501315433674	0.2002585563488179	0.3926339630137991	0.1810923604298937	0.22504359243872815	0.15316405632688906	0.06609828251131644	0.7638041731515579	0.5672348873738404	-0.19680201265953198	-0.23350755869163167
0.5815740050201887	-0.043531662146802416	0.21385411187126302	0.023964999453423973	0.25469356004034405	0.9617586436266856	0.15036823171208755	0.8853894558053614	0.3413714859742983	0.3040320885664851	0.33325617431293375	0.7142603261110895	0.18294277012717697	0.11234227218178977	0.18544101536429927	0.15912809987190057	0.3415272414166802	-0.1937465531253744	-0.07481218854195482	-0.18654985378558986	0.31005603559151723	0.7785247517575856	0.05959228893367259	0.06577167338839508	0.1802342107478991	0.12132265306461762	0.15653442047670835	0.06731733468321495	-0.20540863565246437	0.14466527532278217	0.3183950998922345	0.11751533354444296
-0.1795753169970365	0.1825183477423887	0.21378120656226157	0.12504416469613183	0.25553276786969875	0.6919353191737598	-0.13376373517371712	0.04691896903291398	1.5056663900150036	-0.005012831344841415	0.23873067284385083	0.898790166769774	0.18338261264804953	0.10685770030882037	0.1853279574315127	0.16122491552465407	0.04966080259541714	-0.1946708326372024	-0.0736085792865463	-0.18753300827528976	1.0479546752537647	-0.17463904203676173	0.16652956095207944	0.06666343119130934	0.1814162645957617	0.12155945121151462	0.15619535842031476	0.06605610357868635	0.46483441041708257	0.4461873228912312	-0.19419127995012792	0.5250947820054039
0.40249984379435794	-0.2717092670151287	0.37389187132680635	-0.045492286056120455	0.4844437216795923	0.7913585585047457	-0.07992038578736776	0.7539254371687326	-0.03898700641114678	0.1753742029934458	0.3460335445537476	0.5208935979114412	0.18241319484943902	0.10645024566682831	0.31220102055762483	0.16049935760549872	0.07869571974508582	-0.19426105130683383	-0.07459619469045349	0.48771465792690916	0.5220288252164831	0.6653404249164506	0.06036965281760584	0.24943101276421648	0.18036821402053224	0.12171807920800796	0.15603043200305836	0.06681617540913029	-0.09259892481689984	0.49417230591764294	0.20261304072174557	-0.25482574411092196
0.38288206816487513	-0.2714457698113325	0.37281350216234715	-0.05391873760187547	0.49791580511344147	0.7983638553076988	-0.09759556386059516	0.7434631655737473	-0.01735640255596796	0.16239245329059093	0.33586843278435324	0.5410559756911819	0.18256447755217972	0.10581854141151022	0.3094126215472884	0.15922112695578555	0.05963047502007323	-0.19486475395198405	-0.07370799907480989	0.48532909930944096	0.5586213075313031	0.6499830827613247	0.0617649846344631	0.25649411356042684	0.18046126399507917	0.12240022639333971	0.1540227185072405	0.06690108366150475	-0.07971838812748686	0.5006966813378377	0.1890416119502486	-0.2549193799324286
-0.059837772247303	0.3387515252578233	0.21483426799271438	-0.2367268118672622	0.2554126746012523	0.5024987337430102	-0.1226040094155479	-0.05769880270139506	1.3547273828502469	0.1700476674785568	0.23660330628870552	1.0209953806589056	0.182254865364786	0.1039325376021389	0.18612679043690605	0.16121175180350922	0.047161591143633386	0.00022818075061210863	-0.07246536447831674	-0.18571785242583683	1.2848007437761524	-0.14543444311900577	0.13045374936361576	0.06684308643199158	0.18054147539730442	0.13797051576281685	0.15829225647875517	0.06563293701853545	0.4009853517452374	0.28397771690185336	-0.11270784839230046	0.5296419327385049
-0.18274564973261453	-0.27042590516238557	0.9659641737323571	-0.2605748246320248	0.7370734061428782	-0.1728311325668399	-0.13579047270799532	-0.19805153624185742	0.8825364470484008	-0.08238753424702651	0.5900222881238231	-0.21550719779143349	0.8135711038100966	0.10604411055943569	1.1428764365089397	0.17875143570940583	0.04565746000965102	-0.1972309966694983	0.20605085379823596	0.3317361343678874	0.5600155537362798	-0.24883361912751362	0.48804746527095466	0.4359923021916697	0.43508033894258225	0.5486988325188199	0.15695547080789454	0.06557216550571457	0.7813302692106887	0.7504317030060478	-0.1964627755457032	-0.2152242119787744
-0.18064158604604416	-0.27036162880979886	1.253013626939663	-0.2597064549456548	0.6998651187521432	-0.17185782377640388	-0.1362799358827498	-0.1971144653737545	-0.15917131783346322	-0.05959351665038244	0.5866874292928279	-0.2133222699103873	1.4032136181960542	0.5565196465725583	1.4604871572036058	0.4333948073810556	0.2540741529487565	-0.13920979572836412	0.458626880152263	-0.09189449049070457	0.05231615680565843	-0.10778368934174062	0.4914634493220556	0.8071768761400675	0.863049901812392	1.2168514131982957	0.34830875636459624	0.06585152361744993	-0.06821250956038237	-0.024305905377350917	-0.19547995863847292	-0.2542546408688839
-0.17982909281640777	-0.27227882679363574	0.3693824909659987	0.015386773078250551	0.4921536722557315	0.32502516001872045	-0.134830988344307	-0.02956795139695255	0.944693410688548	-0.08030950113358477	0.31025119510841415	0.19305313409798228	0.18365036177686384	0.10642532374903287	0.286765784237868	0.16106686285970903	0.0493032544292863	-0.19568529085123623	-0.07389429829100395	0.588662832150017	0.8470157581943583	-0.12965096032144946	0.1941573429635236	0.2495833554084362	0.1817630548678385	0.12235855911734018	0.1556772245066933	0.06566849260166441	0.9000628939465893	0.9991917937959651	-0.1951144816116806	-0.15128269413625617
-0.08580714455568253	-0.2717971335219402	0.3585383912272943	-0.03477874474448708	0.48733646626614296	0.6320713465175902	-0.13435794869384918	0.31876227763547416	0.7999810999669268	-0.0675979968605443	0.31771656493456507	0.5371509784907145	0.18277920615290935	0.10721916136030275	0.2840855521859409	0.1590973046649384	0.05200929096051538	-0.19359569541569494	-0.07481340397748205	0.4959441653058917	0.9552974449715307	0.18440316222248854	0.06066609256831483	0.2369127048270491	0.18096416289954026	0.12248243538894658	0.15529817980577468	0.06729623853976344	0.6209697531552993	0.6713348600141082	-0.14645526314796622	-0.25462657594182725
-0.18006362752151164	-0.272445483281666	0.4163785800100117	-0.05930789098796109	0.558297936372719	0.3165745534479819	-0.13446392575152394	-0.008481725686156807	0.9531599062196184	-0.07999849696809092	0.38881158727362924	0.21104289939816565	0.18277722914102612	0.10535772819497406	0.3593393152773704	0.16204081829356687	0.04844707994121198	-0.19504962030187395	-0.07423524186578451	0.5634510868925331	0.86435485693438	-0.11491939232291584	0.19103785501839501	0.3010566776820689	0.18153130714326737	0.12174272409537218	0.15496356446054252	0.06652945303221142	0.8799865362957885	0.925103792153284	-0.19483581454817825	-0.15171723982322138
-0.1797144926940737	-0.2702597129657461	1.3638266020603136	-0.25143249214093694	0.6219869583681978	-0.17141048009035517	-0.13343207258696466	-0.19612415701497085	0.09602349920935568	-0.08033082130211654	0.5239675424578932	-0.2143136018028583	1.0996345961906209	0.2020723539018235	1.452195018373509	0.2954826096799975	0.045984666992955024	-0.1972791491626961	0.477115141128016	0.38469467282815006	0.07601015619036734	-0.24688519520189509	0.3369755594838356	0.7149057019852234	0.8154897281662659	0.9544581343631819	0.15750092272866056	0.06552185871127138	0.29166956968181446	0.5297757963184615	-0.19506292701452455	-0.2539483396561905
-0.18060963348948963	-0.270122575398777	1.377170447573824	-0.2530965953349668	0.625033802831837	-0.1723333239332544	-0.1353323452683509	-0.1969407407967009	0.014087817321017673	-0.08236729941619225	0.5270385104689811	-0.21519558513839093	1.1133865626370345	0.20199034697747623	1.4560212065146945	0.31362480729129616	0.04555766038629137	-0.19776100092094848	0.4830821620885303	0.38286190309281387	0.05368102644870583	-0.24715767820775986	0.32782082509623856	0.7345702416389924	0.830984956995169	0.9671654699687751	0.1609632472672402	0.06568496155070214	0.24001690157244174	0.49562252911177285	-0.1961969108493884	-0.2543715729270165
0.6213093139290108	-0.26535952043998257	0.31929387329603875	-0.07294126714912778	0.5520519971284071	0.532021225699251	0.2545366136211198	0.7666753032747177	-0.1578566892439911	0.3136198033762187	0.5047232188776191	0.10653711677599209	0.18334483242015853	0.16418034023899572	0.20191321346155258	0.1589420526108967	0.4877926727944527	-0.17588208289290413	-0.0742287815977959	0.45119385598522865	0.05385991194020208	0.7773236059464967	0.05994435320995511	0.23775764538538052	0.18151722302942783	0.12159780241571118	0.16743532012107873	0.06722142894598014	-0.1076980353803725	0.5440619282885234	0.3454110175637046	-0.2549654685983671
0.5662487790286882	-0.04539635100503823	0.21451372916271397	0.022812110017196408	0.2551004111149175	0.9891014510854583	0.11624590790209918	0.8879615014055606	0.3417801222821246	0.2915735715233659	0.30630370883414765	0.752743453324215	0.18255017220712144	0.11086951882742149	0.18602047812642858	0.15951092266900999	0.29494993514063506	-0.1946650255364603	-0.07388930239147784	-0.1859145920610273	0.3494599023230913	0.7759695040158864	0.06153517986338951	0.06793392604011253	0.18049491103750004	0.12214841151852739	0.15412487465988123	0.06623341611275721	-0.2035940003663421	0.14617554173071565	0.3069487957244669	0.1181159110512279
0.2960267119115576	-0.2717117848068014	0.4025779326939216	-0.0989965590988005	0.5474642794773803	0.8134201574806725	-0.13482349003673097	0.6902493959390779	0.16355903285490886	0.10963085671259386	0.39611714081203714	0.608830425490181	0.1908872733883959	0.10527859936522346	0.35442785424011636	0.1614193401906929	0.049077061943918344	-0.195451081656933	-0.07463598527032686	0.4759851041911589	0.7034185254641251	0.5708830174961701	0.06066236682606342	0.2828472648359266	0.18010882950335141	0.12191879113761679	0.15467704170869442	0.06538379963860044	-0.046546378487675295	0.4614759247151767	0.12431817875619158	-0.25466104876465706
-0.18092878365256315	-0.2727317008165538	0.8220006111915822	-0.26271713176366956	0.7285644162539311	-0.1285914896944565	-0.13813039553821563	-0.19853773016716136	0.9380980936350914	-0.08275381377377995	0.5975792603818316	-0.21582384054410228	0.6756142810940344	0.10808938564655586	0.9959077569044978	0.1608301723949691	0.05065251985462177	-0.19772723093715686	0.08567547874681732	0.4018593227189379	0.6527443700366625	-0.24833972778033703	0.45629075647400896	0.43390690396293485	0.3065262716830052	0.3703875090191602	0.15668497707347856	0.06592584806602868	0.8064873482663926	0.7836347104975061	-0.19602128990709577	-0.12862545139587978
0.4475441517261467	-0.044125485483387815	0.21405467511548848	0.02542758089305479	0.2548483163538048	1.1043783687217263	-0.05309900916856658	0.8663709876840564	0.38626009388833965	0.22098130275722522	0.2468335244382487	0.9667338646506651	0.18300574298686761	0.10705964897765308	0.18496902607417906	0.159579965574597	0.10152646961628228	-0.19391822617729784	-0.07452899805798378	-0.18723836761579918	0.6556934862302033	0.7022715634958929	0.06036884264020881	0.06679503452883315	0.18101243557064484	0.12160961634583618	0.15558621373745565	0.06636654514588232	-0.2052395165898922	0.14181160384505553	0.23320380802928625	0.1190285152988303
-0.18147446170824277	-0.2688394778612627	1.290726232300482	-0.25956986416136657	0.8817955170097261	-0.17400795681780115	-0.13986969272439279	-0.19862895107760165	-0.16034470784869903	-0.0848053101494066	0.5980703466287898	-0.21751877016916774	1.307800663097823	0.7347616032265927	1.3638243128179908	0.5110875566891694	0.19781877063516112	-0.15974174889619935	0.4120821867038264	0.06257500560630583	0.05135348990997945	-0.2169361504907775	0.3043831040072164	0.9320534354681416	0.8639205859888422	1.114027563029084	0.4434484586652497	0.06908777590291638	-0.22274800397774266	-0.013086413085705326	-0.19789966754708724	-0.25588834257535054
-0.18242199341936646	-0.27260195971941154	0.8470958305165923	-0.2619775401727986	0.7598739166374764	-0.134873142029401	-0.14144571000160303	-0.20003559049976624	0.9330457614461779	-0.08453819031919718	0.6018579074770872	-0.21812165887985535	0.7118737262048616	0.10401726116247237	1.0273689279241036	0.15844210132433467	0.0506969941768454	-0.19908866853853535	0.11343637390347859	0.3587823524898634	0.6392327010322225	-0.24800057156494057	0.47385402063479987	0.42349424986224965	0.33191192505914346	0.42555467723538065	0.1530218337020749	0.0703800617141456	0.808424275738918	0.7663710255409706	-0.19772920424246387	-0.13957913913816766
-0.18076730356242746	-0.27108270814544	1.366755325629842	-0.2197945251864267	0.6428429034858848	-0.17071281430749716	-0.13400955828795424	-0.1967263665582257	-0.15785151361314598	-0.0806204896193895	0.49881974936871426	-0.21354209633972082	1.0962350310485875	0.38750211478477914	1.3837959090132956	0.41791114107505134	0.04830467677230158	-0.19533215591622716	0.4690727649499929	0.41823990474752276	0.05417445799346391	-0.24852191577709423	0.21738223793558176	0.8270566384286864	0.8623708590143062	0.9725616890628308	0.21300410921772278	0.06540810115373215	0.00306074156107769	0.39906961676426744	-0.19489498798843882	-0.25448687700698797
-0.1800392446968951	-0.2722099771850508	1.0103501695642088	0.022897447894197145	0.47034282247165243	-0.09944601406831002	-0.13497246347205336	-0.1972802467094884	0.5044152035841791	-0.08040242690808526	0.2655813362603298	-0.1853595400727749	0.7321043283267127	0.10538368336208477	0.9628686240450242	0.19578450739288372	0.047138683633011456	-0.19638117803467497	0.3777161368391778	0.5302816209095523	0.22650169297857592	-0.24847586299667718	0.4244005619240372	0.35734249278923313	0.6648364143935899	0.7062689467624768	0.1550128814240736	0.06505783606465793	0.7259716705799922	1.0509946939437307	-0.1952699759458115	-0.25514129489806775
-0.18242184298001055	-0.2691131442441399	1.3800283146532912	-0.25929531072411155	0.7072414751822245	-0.17314992029312506	-0.1401130000806656	-0.1979838719201528	-0.09141467134926566	-0.08484582964485118	0.5611284803810938	-0.2148067818007879	1.192534696292987	0.30213440590771956	1.4514634700141178	0.37780357021566835	0.046475494475833254	-0.1979859764137709	0.4839516619454144	0.2990659717111762	0.05316674258023492	-0.24648978170590632	0.312171685526988	0.8009978982617696	0.8561938409480281	1.0356817543428094	0.1990759095491134	0.06679714109978668	0.05848560624453922	0.331576988486951	-0.1966502180851606	-0.25512628964381606
-0.17895828627637544	0.056331840708943495	0.21382902394947176	0.152352944454944	0.25568194702182206	0.7148485376126954	-0.1326298653306834	0.06561772955604457	1.4522509919476185	-0.06327773531646269	0.24012692212450576	0.9151769721337015	0.18336245579170596	0.10645844870055715	0.1848496876683001	0.16284138937512088	0.049045771441016704	-0.19450179443560417	-0.07547270276064896	-0.18838317743023103	1.0210352769981288	-0.15650986416906432	0.16650568529510923	0.06500232043416687	0.1816857081601819	0.12129827432602155	0.1563471727878622	0.0656245374181459	0.5713350230810201	0.6495150245754482	-0.1936877915864365	0.4119718802777407
0.24579204795245335	-0.2696326281045955	0.49686107425978165	-0.25959909543649273	0.6945658250595605	0.8047059753069589	-0.14050589249001194	0.6519367863833494	0.2822610294293867	0.07547049968829361	0.5529627889398752	0.6277268572149193	0.45808667884894133	0.10452364609689983	0.5557026296549964	0.15602765951928305	0.05081793748339542	-0.19646338360598664	-0.06983366640636914	0.29017196300276565	0.7643558594779707	0.525290136913837	0.11396261293976759	0.38016612884143014	0.1794494299867278	0.22060810073097864	0.1529643428947953	0.06939883991717127	-0.06532627681208983	0.197940262676058	0.08739784035045231	-0.2561195654065261
-0.17990426144396102	-0.27036986563535176	1.3652940668157016	-0.2602826291495382	0.7029584333021109	-0.1731936380485203	-0.13974094272686313	-0.19775154822867597	0.04432223789631068	-0.08374167683405818	0.5614696638793232	-0.2160113303827253	1.1697142036977382	0.2033390681394899	1.4659372440446226	0.30363352759491247	0.04899328301577068	-0.1974064234672225	0.4830667569407825	0.2982886601895463	0.05468470234067684	-0.24609622329699277	0.3788368417909398	0.7326052463436177	0.8245325486066835	0.9984750373628313	0.16253451218463066	0.06895208570582755	0.2396035780993888	0.4389920742229123	-0.19613083019530508	-0.25562934764161493
-0.06364350746804237	0.3228381161306346	0.21340227571519726	-0.2315861713817178	0.25574659574418385	0.5294453867360741	-0.12229098547517936	-0.021447590900386594	1.337134713311908	0.16934163202698035	0.2389005750741988	1.0457351846019411	0.18297532574744524	0.10634033149642425	0.1847433441399243	0.1616140836042919	0.04720535870948191	0.0011491344609183413	-0.07343255519979575	-0.1873548258408544	1.3003127509702512	-0.1179527866689283	0.11060794864646403	0.06518995023057926	0.18171193330910734	0.1413424315479355	0.1652343506084476	0.06478149777806952	0.4043562538692893	0.28051796819875285	-0.11815934507213507	0.4723777754807214
-0.1789122905346655	0.18856958831648152	0.21354362920555967	-0.025643699029706576	0.25564704700868207	0.617137000207566	-0.13175170626364507	-0.07465450639352164	1.451241569753479	0.005567878938235647	0.2414410017241329	0.9376031502346148	0.183812614185304	0.10822961969610663	0.2062607187644961	0.16340661209028653	0.046255086347196224	-0.19515556817774532	-0.07429395452166483	-0.1885705160079059	1.083596506447249	-0.22516531468049697	0.20219413543856665	0.06443688193838754	0.18225608633315676	0.12107506347961233	0.15765033459233405	0.06525614236290223	0.47286198897701487	0.5790866764947165	-0.19387695769044747	0.5334414555817115
-0.17977460484522692	0.08243585016214836	0.21506249395359872	0.13234508993207164	0.25532139333701054	0.7149311660685309	-0.13545775362526974	0.06498406655096953	1.4609528289380964	-0.0514841362905783	0.2375474959142818	0.9248449436194117	0.18264917034510125	0.10494725100510115	0.18630908577728195	0.1606399197297835	0.04899773205586429	-0.19630878204173477	-0.07264411373721531	-0.18575963849876134	1.038069730885756	-0.1521484032018628	0.1643030585525775	0.06759484580471266	0.1806253629308843	0.12254002640745894	0.15425045877332214	0.06657966945940771	0.5418557176270471	0.6028095362601138	-0.1954065576575704	0.4270662489592293
0.5282635096455487	-0.27225082367952724	0.30593569671527227	-0.0056330553468232885	0.4545646248901053	0.7685509622581416	0.05116956680438625	0.7955289835384292	-0.15692235369055985	0.25054967978731035	0.30158274329331675	0.3641777682407802	0.18237509642004607	0.10468122924905607	0.18992503339056663	0.16136816348578661	0.20263757017806272	-0.19496228969225216	-0.07384993692786691	0.46911927576476037	0.21850183320614436	0.7552676504567205	0.06189746229971387	0.18845450707698905	0.18066410747779388	0.12153490681438109	0.1553430342601518	0.06589026340278811	-0.08685098469196223	0.5552664953511083	0.2850111111611808	-0.2544218234842131
-0.17995603677416142	-0.2715325743502742	0.42745021505791064	-0.05825249899950046	0.5570789115076699	0.2765587128063792	-0.13563092752306166	-0.04320356572328045	0.961589038106456	-0.08089998769556167	0.3964110801434441	0.16446857944058793	0.1830395285058716	0.10772309140336	0.3778251494967415	0.16043022292962125	0.05072104219074301	-0.19509107078531085	-0.07402012931539963	0.5737349197765085	0.8420649700313256	-0.14230552916722541	0.2169289522710064	0.3108623536082257	0.1814182901811331	0.12324423846798466	0.15624921569337022	0.06719571889671885	0.8904698978421194	0.9379894984440403	-0.1947752135490559	-0.11063964825203931
-0.17937857538940968	-0.27244379252840517	0.3196766824076568	-0.006993484576615271	0.5521838355041011	0.3640348884974539	-0.13522335966475224	-0.0036528925983883714	0.9350262432053381	-0.08007470396201609	0.30478575345041864	0.27926597526644714	0.1826570569700315	0.10659648621180713	0.1858909663297236	0.16065594919326984	0.04946516744486652	-0.1950571566292985	-0.07522960099707676	0.5539336902405108	0.8558364226881339	-0.11033340771551617	0.1842013896899676	0.2255298901849112	0.18119842131047287	0.12151685223176296	0.15641445045171787	0.0668334105710225	0.8902310549299177	1.019328617279075	-0.1947024100597494	-0.16051933841508145
0.15443995753379167	0.3001834909284828	0.21463711063469196	-0.26219192966393984	0.2553505417753257	0.07398519876658101	0.21172911666257	-0.11410270423139869	0.8936316472927222	0.3930325707276098	0.23627450808038522	0.3532885719515645	0.5758629039810513	0.4416599449909962	0.18576711339608673	0.15940538862234613	0.49868237282698047	0.4215199429006202	-0.07474845883469815	-0.18588365382991084	1.2608740559937268	0.3564283332714394	0.1452889274890753	0.06733343882609356	0.1798171062427127	0.7483885997723081	0.6113891701925049	0.3607359389752999	0.31894464077609075	0.12460008388406461	0.1015730666252205	0.3823742070785744
-0.1808621143378491	0.20874385196884432	0.3952824462518468	0.19376586838563165	0.2545398034720073	0.4486234224405438	-0.1351668103310586	-0.038040088262033644	1.4828610801165758	-0.010643154019705989	0.23643810955319414	0.6996445623238636	0.30299401601368775	0.10471406399740574	0.4296643125525128	0.1638414590718996	0.04325822334276061	-0.1983910492428233	0.039016180401706874	-0.187078722023959	0.8835856153416201	-0.2483293692198745	0.2881277216626369	0.0681292958519588	0.27082424413013895	0.2316643602378341	0.15480719168868629	0.06484600757419703	0.41465062267001834	0.5605674660142017	-0.1961928766454505	0.5675188569629801
-0.17983880646207234	-0.023835129843484897	0.8604950902823874	0.12331510292018796	0.25515656955827537	0.27492493780178584	-0.13353866335246967	-0.08904206563689707	0.9661536434635993	-0.07977642692048019	0.23937349660937035	0.48508842689152787	0.6941648162665739	0.10604803887133987	0.8931124566238762	0.20234828405670838	0.04808584362716233	-0.19579123686739386	0.34393879009375006	-0.18729389046795827	0.4252647859775308	-0.24833939198543029	0.3641907964046635	0.24329652641908833	0.6381852490477015	0.6750074540125595	0.15593055778831372	0.06594760800557564	0.45425454617942185	0.6558406863713921	-0.19442913567060963	0.2196036160351848
-0.18075512155118056	-0.2733842186862707	0.5823664620607119	-0.2371827261769701	0.6684784961352068	0.07888449289850125	-0.13684877724436176	-0.19858821196228257	0.9901545233757322	-0.08145681622133752	0.5491720717552051	-0.06087279268791991	0.42813147612744495	0.10557575335038749	0.7454581118008128	0.1614967145309045	0.048909716862633006	-0.19734139028289932	-0.07310533258474215	0.4755329440310264	0.7637038495871169	-0.24826549095403994	0.3285636407416654	0.41916209278403305	0.1816390956031013	0.18031280331481275	0.15473366979308098	0.06760268444962626	0.8598618681344417	0.8205822151109273	-0.19597817883896723	-0.06635043599331907
-0.180011852792601	-0.2696251946030849	1.379597497081281	-0.25970607699208054	0.7238310622414069	-0.1716365105459368	-0.1371141529621483	-0.19679841476009588	-0.13791365247427914	-0.08200716902553933	0.5645623994656078	-0.21640951917820386	1.1934069175330806	0.33702035918386747	1.4415901646299614	0.39368150015089864	0.049896999445001304	-0.19716962019530493	0.47575041258168543	0.29862229370232213	0.05277656976959066	-0.2472245138966561	0.29493838081907997	0.8167828838521236	0.8578140754735113	1.036156696714688	0.2082647347900109	0.06759254610303955	0.034304537087699316	0.3190510145143106	-0.19606231112154449	-0.2555108643611066
-0.18187408381646025	-0.2697461306344695	0.9989771103160222	-0.26016455773472263	0.8580910068278303	-0.17341674921525316	-0.06110594279660317	-0.19698417235118842	-0.15895662453947673	0.04254992447809981	0.6256548641469915	-0.21562532598647902	1.3763798899224153	0.9436725287167347	1.24593388190926	0.5153961227133274	0.6060205745873238	0.1223392127625498	0.27611892517658104	-0.18481840198773294	0.1545000712547284	0.05062822681073205	0.47082051809021347	0.8246791275793928	0.7702279712693024	1.171811855491043	0.6961555040813764	0.15412058368227508	-0.2235549159441923	-0.08938809644257331	-0.12835012964127257	-0.18441444040349494
-0.18073388875492888	-0.2687734731998098	0.9927763992673804	-0.2598338272649404	0.8702342241502141	-0.17355012675325165	-0.06069163853703125	-0.19649963602866102	-0.15969901300044112	0.04329673554280383	0.6261263996408335	-0.21576334355936475	1.3715141679910272	0.9569672777178972	1.2363870155571755	0.5149049185477019	0.6282401863621555	0.13888607974310124	0.27181544745482655	-0.18520862871702115	0.15265268485148226	0.05251409929928108	0.47009208649367196	0.8264561546020676	0.7681728250076074	1.166012869276937	0.7075963336178358	0.15670013242750644	-0.22490945938776224	-0.09047049865401571	-0.12796443710811684	-0.18509481559921653
-0.18035536652732015	0.21132039611913303	0.3370919907174153	0.19730046574233456	0.255144763527604	0.49691082117205665	-0.1348358099306235	-0.03632535541714399	1.5029015585205348	-0.008187483407186565	0.23843248172533513	0.7211934787590721	0.2589773080629256	0.10521041916593833	0.37340146556022735	0.1634086150357563	0.04549830319885565	-0.19730172438591623	-0.004317391231927905	-0.18644633045377895	0.9122081195269465	-0.24839939199367786	0.2678313026679034	0.06683965923398609	0.23096816575315418	0.1824295569689171	0.1550326561957671	0.06511225982890502	0.41885241929277456	0.5536238055947446	-0.19503085390815555	0.59263199549294
-0.1803829917136663	-0.2726409094686477	0.8417160440679821	-0.03789215023452648	0.577923943732562	-0.17244532483978212	-0.13630280961838936	-0.19798669421238219	0.8178282764329343	-0.08055191238468776	0.3836922698430426	-0.21578640330664925	0.4848430211237694	0.1051461455469142	0.8637641347351139	0.16001236005887995	0.0511503555100248	-0.19597773470547547	0.19376719752743415	0.6144159642340099	0.5221769443987547	-0.24880025756845464	0.4322474282032635	0.3111356014454404	0.42520855955279646	0.42505879566112614	0.1544887586937365	0.06753204041612805	0.8468902747891005	1.1138219978539723	-0.19580110386561123	-0.1737947663004636
-0.18071088484494235	-0.27190445110810824	0.4133181393395128	-0.06771808433302719	0.5376685039599821	0.4411422369821457	-0.1354435148495265	0.10778088080508283	0.9155150759865587	-0.0809962561647957	0.38278995209198025	0.3617998800730933	0.18255332947569577	0.10390726804544932	0.3644115070725104	0.16251412781309857	0.04732065067663762	-0.1973604000890482	-0.07249351674350693	0.5315585107747964	0.9235860236895632	-0.015285418103685292	0.10441792224604737	0.2957905380127981	0.18095691494830587	0.12264359554618508	0.1538081107531854	0.06624875149597846	0.8093399827141323	0.8257021906091693	-0.19575431070125	-0.25518752283073826
-0.17931256901728626	-0.2729566709988942	0.4223436259993867	-0.053558935741170946	0.5500121745346462	0.2908735867930585	-0.13384975482611455	-0.031138816925432328	0.9584213352855326	-0.07919980403586704	0.3897089910967508	0.181120153525432	0.1832318957764784	0.10677029294166283	0.37286182082264663	0.16172526508971274	0.0490255532962646	-0.19488173636615855	-0.07490596500392194	0.5725292111358344	0.8494783697596804	-0.13345020591179182	0.20624324379271036	0.30587092845500363	0.1816662917093412	0.12242147046679958	0.15547231673683273	0.06644822514808138	0.8877380428052963	0.9338743856809968	-0.19471745767612855	-0.12553364038402212
0.1586162903540131	0.2931559414511609	0.21506656451950598	-0.2614011758465406	0.25490880964492935	0.143559562442952	0.21250691505594643	-0.06111363441835569	0.8540783607237808	0.390352283079046	0.23667981268015267	0.4230896134925464	0.5821021879539183	0.4480905317693109	0.1859036387838679	0.15975064799895072	0.5024032759154733	0.41932848349859075	-0.07328140129806333	-0.18483542995453614	1.2869239444712737	0.4233934295816869	0.09713246132411904	0.06728977704536834	0.18044430255138424	0.7548882418500242	0.6145301345825955	0.36188754218304486	0.263323143873924	0.08865300729554769	0.09998954503651925	0.2893707582874722
-0.17899458439748228	0.13122015802138548	0.21368494365662224	0.08183441035550049	0.2550860079322033	0.799846519047109	-0.13284495363757579	0.17247068756880568	1.448374352641231	-0.012415473257567203	0.2413590527726765	0.9928705125719519	0.18320773743503974	0.10714829313903686	0.18512416738617832	0.16313378502413367	0.04879340080686127	-0.1943345974851173	-0.07454314668698744	-0.18778161291941484	1.120361283905609	-0.058314835496920195	0.08311195721582892	0.0644093253289827	0.1823037677516075	0.12122545789527647	0.15713017511586239	0.06471426741099782	0.47224997568773586	0.37331793589416273	-0.19359535554551824	0.3550310493251839
-0.1801900885464264	-0.26924651087245915	1.3329189303516538	-0.2588185650598895	0.70416018192759	-0.17108124505075112	-0.13625319779244097	-0.19691509528952322	0.18887063939214663	-0.08200719854111693	0.5670440624004682	-0.21510190554109682	1.1405233422772625	0.15192233882561434	1.45342769802054	0.25173076544601714	0.04896165539537677	-0.19560132155325657	0.46648908157448377	0.29789791383339603	0.10278165718612824	-0.24606776489962823	0.42393701903564507	0.6727609973576798	0.7871003782613288	0.9558676208474683	0.15760297197159204	0.06620539549997476	0.3726968278662992	0.5225067379807545	-0.19430439161282378	-0.2550440050152346
-0.18201952116817122	-0.27193754249294255	0.6533947606599921	-0.2622459577164651	0.7644877863610496	0.01901935252084906	-0.14096325394815437	-0.19981137845471778	0.9887970933565718	-0.08413418442278726	0.6062908220041869	-0.11796658186472478	0.573696852851985	0.10334299812174297	0.8475803852906484	0.15951637680623673	0.04915870848233544	-0.19963170977724196	-0.02545522961015172	0.36189330616357773	0.7427422781828771	-0.2488096090320218	0.40840740915867435	0.42682727057607606	0.19682977707227473	0.2698209001447117	0.15321272684364778	0.0690789491412867	0.8320324218734189	0.7367469518793596	-0.19780073346318822	-0.10314642825800459
-0.17899361853361667	-0.2711954465983369	1.257708849273164	-0.11835251959098418	0.6385603569796251	-0.17177315189867695	-0.1339979269182726	-0.19661213964497623	-0.15807353616245853	-0.08013265102527455	0.4087731836639942	-0.21450297615564648	0.8997423192088599	0.4943628446258458	1.1670848402604206	0.4564591346307144	0.04980587311895953	-0.19511878178012163	0.4460475017837495	0.4916135632367297	0.05368446050769761	-0.24668674215205902	0.16322677562860521	0.7848198204268252	0.8609312230825841	0.9303758541031717	0.28117505003475346	0.0664672226531588	-0.059638934917358506	0.5158066387131324	-0.19439646969164084	-0.2549990731189462
-0.17983253293311544	0.08819796721667222	0.21432549089662303	0.19356913124118874	0.254747489516767	0.7309988319414737	-0.13464754700660708	0.09657220000355005	1.470717520908089	-0.04884167711271593	0.23920105075681045	0.9094139284183852	0.18237857220674364	0.10574673451317464	0.18579207432393205	0.1617662821334393	0.049150969516758104	-0.1961082793365744	-0.07416868033407467	-0.18673536423487125	1.03078120886548	-0.14285687129294722	0.1537824173351226	0.06601681241350299	0.1803540486794516	0.12161512897775313	0.15550963596713696	0.06641707087323416	0.5446456168027263	0.5640435326740246	-0.19481786249844343	0.40705470041881553
-0.16778450810792453	-0.2720088378034402	0.39887344601232777	-0.06156222228459236	0.5299728333693379	0.4792832300451846	-0.1337392300522232	0.14698297250083506	0.9008864496999758	-0.07977510178300172	0.3737243641799695	0.40128445943324104	0.18326280602505687	0.1063982820545809	0.34132482698196476	0.1621565656355309	0.047833894033932005	-0.19502489172313375	-0.0746063858397303	0.5193199128956072	0.9366948188613995	0.019285768014256466	0.0832988378612479	0.2796273455692865	0.18131063846880505	0.12103983344339352	0.15639768395803363	0.0659984810101713	0.7832280559999028	0.8001837094749678	-0.1886275517858927	-0.255109788446362
-0.18014142272583938	-0.27233337619259196	0.2785710988980537	0.065703318595807	0.43589888411051647	0.4769712304465459	-0.1356733502611122	0.035704039704292076	0.9170957078137187	-0.08109659877848724	0.23743702079378867	0.364346251051294	0.18284500290975084	0.10440182455685745	0.18602467024944347	0.16179365101567578	0.048399711997901655	-0.19606020023703488	-0.07346982848957022	0.5451574961915265	0.8747541551312227	-0.07724663000139688	0.15434875089654504	0.15966714707961083	0.18116436091772659	0.1218584945274309	0.1547284852938682	0.06563509240577577	0.8881582248208176	1.0079641299985949	-0.19533539110995526	-0.21451296156134425
-0.17970994862789758	-0.2726735042144195	0.4211827192721691	-0.05467038104234516	0.5495980376106785	0.3086722540608444	-0.13466984353088438	-0.016407623126894783	0.955980147956173	-0.08021378593978391	0.3883528792271487	0.20283007919927049	0.1828168587691063	0.10579225606268776	0.36980451017150445	0.16181152954427133	0.047184043049679276	-0.19620658887419495	-0.07396562996708543	0.5679868664918556	0.860002795696978	-0.12089494104236986	0.19487178869048016	0.30450642107538345	0.18157037368429482	0.12189050739699542	0.15557154478403068	0.0658061801115548	0.8825970842653268	0.9267735902705229	-0.1949668676247498	-0.1453076508086588
0.19709602306406515	0.164650025379441	0.21346618733350506	-0.2614222656697864	0.2549192771678049	0.24753786514842868	0.24971721690487755	0.07164303817513283	0.6489290335621842	0.36837625346629754	0.24024455271165637	0.3018197167604423	0.6998095257397221	0.5034073755686153	0.1850430459299342	0.1620497243399718	0.6088189454755244	0.4229775077548257	-0.07476079781972239	-0.1875674941947877	1.1748906025925976	0.5887318851947188	0.05887031529128351	0.06545606105088433	0.2142400696571407	0.8032479646000653	0.6448273236756379	0.4319817409220801	0.17706057177790555	-0.011876880767904515	0.1510323490838514	0.16320515348875955
-0.06073118063346046	0.3439872674506137	0.21425509734343282	-0.2337900567880182	0.25586537434508655	0.4824644939793449	-0.12435776769806621	-0.07906140132230748	1.362688393950814	0.17087100241297404	0.23805675140092686	0.9995733642058238	0.18288621449570794	0.10638969446778734	0.18577595007189118	0.15997462454958278	0.048094462158708516	1.4817148037873928e-05	-0.07247597428162403	-0.18719461759505682	1.2714434062735127	-0.1639096756946154	0.14741981152049927	0.06663355241620667	0.1812667636232824	0.13258745855805198	0.15648874923538714	0.06611921833400695	0.4078884998946177	0.3000371269503193	-0.11343877433463923	0.5677203624618081
-0.17992924268216398	-0.27213007726175503	0.39961961399526463	0.03600853430818052	0.5483360793536584	0.09924541418612887	-0.13382538418914625	-0.19791087060378887	0.9112070162253179	-0.08005482943703188	0.32234830621960253	-0.07217734595201872	0.1961023559553995	0.10787682419342885	0.3800107776653074	0.16232328909407034	0.05014408972673125	-0.19601952232471578	-0.07228401795796478	0.6674670960903291	0.7094296499281922	-0.24880471268872098	0.30757223989707894	0.25939520910434893	0.1821286946694339	0.12203429632680236	0.15724269882211445	0.06704956719918927	0.907423655608983	1.1637132862377981	-0.1950484154989333	-0.06503434331570511
0.04212950391779166	-0.27137993794480997	0.33688982621892927	-0.033091150940454714	0.4890003496286747	0.7444154790597581	-0.13548714549316088	0.46031134493472287	0.6443347936937636	-0.04167460199665535	0.30784319279040406	0.6170928444978937	0.18214236568672734	0.1054953196930698	0.23632036467089373	0.15990014623192586	0.04871270327700229	-0.19545860776490614	-0.07358939326007889	0.4804661868089576	0.9239616369496381	0.32287119749304294	0.06151344634708137	0.22200781118184912	0.18048197677493583	0.12204273681552767	0.15502663523412408	0.0664507670936083	0.41836242774527077	0.5705992140231071	-0.06591892450885774	-0.25461777364623484
-0.1813861770293741	-0.26944035516501	1.3754366630556787	-0.26013016589955035	0.7038743931943753	-0.1734429244777106	-0.13943708773539437	-0.19751409999180888	-0.012870566655397361	-0.08447459368222011	0.561392721303061	-0.2168122438188906	1.1857612264769704	0.24301746092423876	1.4601723729448084	0.3452456918601941	0.04658548402193865	-0.19888026397353598	0.4851580501027014	0.29838260586653326	0.053469402599843396	-0.24708756623788392	0.3416236409438764	0.7717717660866324	0.8445031086727541	1.0208997511343438	0.18235691684002248	0.06846151278479795	0.14289194766656846	0.38046356013924015	-0.19646571607461027	-0.2552278136599784
-0.17947913177760852	-0.2714492708706779	1.3680558025054106	-0.2382288686271269	0.6190585393241571	-0.17149657276231028	-0.1353638000439445	-0.19705085423532545	0.03487542810796598	-0.0812193634287316	0.5131314101536826	-0.21407918252129832	1.095918562799711	0.21775606270774722	1.4410668360451138	0.3126573485616825	0.04919370888170557	-0.19543597107349114	0.4777685964478889	0.3998536258420046	0.05469697124525956	-0.2477218573326122	0.31819023628555476	0.7330811586826114	0.8278789286665025	0.9514567251254014	0.16984601705723004	0.06719412095610272	0.24572370383479342	0.5179947824493326	-0.19502968916864888	-0.25498146662716936
-0.17972916399065694	-0.2713254026058208	1.2722242876269263	-0.0688490892743792	0.5482886455260978	-0.1714418798983407	-0.1353978920719664	-0.1972195778869018	-0.09798574419533418	-0.08092996425540111	0.37647482951195693	-0.21425160844703287	0.902677039967694	0.31608989002499444	1.2261633944941368	0.38231636295123805	0.047685400762172876	-0.1960143088410875	0.46989942939238716	0.5126590549189142	0.05402841647442953	-0.24724153165361473	0.25345999143684306	0.7078439333317659	0.8477549807711641	0.9248552129905065	0.205515019821584	0.0661797954459147	0.15874069643435545	0.6336590259536843	-0.19444956880284317	-0.2554695768232926
-0.03849642531300426	0.39194021122922373	0.21505802787981498	-0.25939803488472646	0.25502742503487563	0.4402133469873624	-0.0999904967861654	-0.1229224716288222	1.3812030098375745	0.18772467682948318	0.23768850686906637	0.9497105865546758	0.18272316101643912	0.1051955132340606	0.1875968690375903	0.161031190803794	0.047704220178265984	0.02087065953522438	-0.07268968900329698	-0.18595514964400736	1.2544277841498386	-0.1974999026824902	0.1677283076734432	0.06695046271518658	0.18114800345629875	0.15703646734163454	0.1707049493958848	0.06582416807117548	0.3884228737262102	0.23330412131603545	-0.07984989944049535	0.6287208865236531
0.2388365070135244	-0.0440093940714909	0.21398212012308523	-0.1366120093323549	0.25547476766192423	1.1081973931715385	-0.13390623255930764	0.673324120671315	0.7602343637382262	0.1061678303676073	0.23800872818223795	1.2068579160511879	0.18279643308236113	0.1057218576293559	0.184997711976689	0.1610316255576577	0.04747815561163701	-0.1952055028490385	-0.07318946494226007	-0.18662230719216225	1.0580601846960804	0.5113871622854052	0.0617628883921148	0.06695179189173191	0.18133865743511718	0.12199637854589203	0.15488644015078984	0.06627614092804308	-0.033438575391764355	0.20881453789011262	0.08130843333752619	0.11279488261826467
-0.1805618829977878	-0.2701687775563776	0.5192202776759278	-0.2516514719370521	0.636710689720697	0.39203921088864624	-0.13438863884146254	0.05488856049602629	0.9605496896601864	-0.08169191014750961	0.5374172376236698	0.3017078750547161	0.4110538302313389	0.10782320488583941	0.5660109752917292	0.16334085392242234	0.04564870632957165	-0.19718316407235292	-0.07178660787780686	0.40054820517417283	0.9136197872703002	-0.06076543494828612	0.15489190206431808	0.38777313958896253	0.1830063893764142	0.1890617085537928	0.15658770853807918	0.0655625349612283	0.78163954877837	0.6360340351618494	-0.19547436014065528	-0.22400756650412293
0.5457811616316152	-0.27228929477194713	0.3335300394616851	-0.032128157053502554	0.4838962095536836	0.715489666163944	0.07664261904637402	0.7968785484359643	-0.15798803978544654	0.25862499762113766	0.34897500513973884	0.30021327607025783	0.18194873784452748	0.10442407430456321	0.2325615787108038	0.15865654266262785	0.24278100168054922	-0.1948109462762855	-0.07518369917905614	0.47764001909988696	0.17612858937036494	0.7674777431206145	0.06157047203138014	0.218201887070937	0.17969781653800476	0.12158459808603991	0.15363427482368694	0.06695065565226266	-0.0980534790048148	0.5390613168910584	0.2933983699751149	-0.2550263327618399
-0.18158313967181455	-0.2699556710699826	1.3755675869220534	-0.26118869060379735	0.7041543945204053	-0.17335117691415694	-0.1396086554875067	-0.19726961971930565	-0.03187319195412072	-0.0836172917474545	0.5595426947216705	-0.21619163650457693	1.1808382450245845	0.22805904608638555	1.4636519483272468	0.3322959140501984	0.049725801168797164	-0.1985632878033285	0.48739325815481804	0.3003499393840388	0.0525464142366363	-0.24615807851502255	0.3533644462906712	0.7624397700194688	0.8408891874506519	1.0170949791846249	0.16104575931140636	0.06883384747875829	0.16708289856895836	0.39398113362750736	-0.19576720548421964	-0.2558632542310639
-0.1798703098809342	-0.27318698338507114	0.773494886327728	-0.012956922052897293	0.5862544361642892	-0.15817769254232428	-0.13590102695785683	-0.197975373783322	0.7642874665778958	-0.08043513140511192	0.29957410591947553	-0.10855656468305838	0.5357979187924994	0.10545840383526324	0.7587782245858765	0.16390787972126156	0.0526325002509338	-0.19449062152058905	0.2287641088121351	0.5673663888874587	0.4722520043556966	-0.24883858470947295	0.4291663371387735	0.2906633766695841	0.4717905374752531	0.4760738996290517	0.15414894176382726	0.06762334539650938	0.8427319725343536	1.1843068939807135	-0.195875445566852	-0.2074350584507635
0.46702265403421694	-0.27109321314283047	0.3195737085179705	-0.0724196938753979	0.5519949604394687	0.7676813398243312	-0.017352853375294505	0.7799723118395472	-0.10811522795121362	0.21597254124583068	0.34697940197111493	0.47932158835904365	0.18315574864125128	0.10642115444258371	0.20113068734274167	0.16157710302578834	0.13562027088917888	-0.19496799942718063	-0.07308291044360075	0.45118293603328186	0.37978945785608564	0.7129987449096213	0.06139706083310423	0.236885028348135	0.1813546276974663	0.1221211298617709	0.15575289514234872	0.06585820846049525	-0.10641148349604508	0.5461517251929606	0.24895352767161993	-0.2545756705297833
-0.17943895911083002	-0.2728218113068341	0.3957917440281922	-0.08243649112118928	0.6004619977733291	0.4243971501056184	-0.13637693775524115	0.09361636874317242	0.9187414931808084	-0.08149557952434684	0.39790429321707504	0.3420241159979146	0.18286575551931764	0.1047896910806054	0.32562197582227426	0.1601248145094817	0.04956444799645403	-0.19563244788478068	-0.07319354295355719	0.5197469656344923	0.9148151790435801	-0.030230316632541665	0.11943592896227538	0.2891234004240083	0.18064686553985873	0.12210010700609747	0.15362036128700904	0.06572744595161913	0.8238580531808625	0.8489917128315008	-0.1948138507250694	-0.255526463520838
-0.17867416885936344	-0.27179165775792063	1.1870526792963594	-0.04778475707579899	0.5472772304594671	-0.15052029270822262	-0.1340376472145336	-0.1972317566372197	-0.014148316985028664	-0.07925929534853937	0.3226322871619044	-0.18840077639098557	0.889322555182174	0.22758131059064318	1.0919308142813295	0.3294839131378235	0.050330685389013946	-0.19429669783506662	0.47186051520875527	0.49376022863088964	0.0551463566345211	-0.2476424921625672	0.29454201656566065	0.6043267154359531	0.8286528507990271	0.9022516688834045	0.160430242021685	0.06724353207648052	0.28698722466145093	0.7678529387964236	-0.1948533090465949	-0.25480703769382734
-0.07474716142372625	0.2849899126211789	0.7676816035193221	-0.22548813421976052	0.2541820198309907	0.13507839690710627	-0.1303496712904034	-0.19702663023710515	0.9155442156680893	0.14837524981914602	0.23912619974696045	0.6390808363538036	0.6235935838462204	0.10644935852111162	0.785681438571448	0.20365088677538462	0.047183402125180525	-0.0180691113206415	0.28669931439092056	-0.18651151565770743	0.7345120824434506	-0.24703185447191825	0.3055066649338764	0.23434257761699265	0.5760854243124366	0.6144932898945161	0.16010334399520632	0.06619981056262801	0.2672955889994296	0.3202006431732294	-0.12695530223730783	0.41484153980822225
-0.055042729555081896	0.3483762445141473	0.21420102951136477	-0.24273348005682027	0.2549201344938421	0.4748487375097555	-0.11827814335953642	-0.08296024204225352	1.3592748461471047	0.17709279449176413	0.2380508842681684	0.9987430038307255	0.18252308729195163	0.10652248884795983	0.18600211647127074	0.15924367267468503	0.05069634526364208	0.009514199253741099	-0.07412809346546571	-0.18613120827060164	1.2793928110355648	-0.164402159622432	0.14467152668995908	0.0671927705715567	0.18035963006725214	0.1426322093502981	0.16334998505285758	0.06786187106883897	0.3996575771442581	0.2857525981875631	-0.10826584612219504	0.5657629975972867
-0.1795833119119777	-0.2732895657063545	0.4279683157660996	-0.0545091152263772	0.5556129259809016	0.2588917783802542	-0.13479871264348584	-0.06269249187401804	0.964734847695454	-0.07954375250353006	0.39737320214397787	0.14358332187717832	0.18303221675759018	0.10622999005366139	0.37910246962366356	0.1617430519012531	0.04702164445181498	-0.19553779883902228	-0.07496377652432167	0.5799802289968664	0.8338531743097821	-0.1580311792373611	0.22537158070126143	0.3093186643407483	0.18146575966687292	0.12172217290933218	0.1556581722545513	0.0659785459371018	0.8961240871808727	0.9520309778754857	-0.19474819004608895	-0.09838587813992261
-0.18185592586611096	-0.2688429354917211	1.3784995504953572	-0.26014614673746755	0.7058689697421866	-0.1737095631449241	-0.13891531154918943	-0.1967348130553144	-0.14085089225118785	-0.08461758273266418	0.5601254239835511	-0.21630647201318903	1.195686094024812	0.3623835239729287	1.4374159058970672	0.40531442608336565	0.047343709544720905	-0.19950759666096954	0.4801836027005483	0.2998907889440283	0.05248485317686023	-0.2469879011679848	0.2780860438791689	0.8273830041602752	0.8648047729947209	1.0452022892497368	0.21017433646174247	0.06826874049491638	-0.01991796982547367	0.27973242759098105	-0.19656907893438447	-0.2548737615237458
-0.18024683113903472	-0.27357942921786543	0.8181918232970774	-0.2354120737143994	0.6882233802776039	-0.12109773677177359	-0.13530286042794584	-0.19882913114290035	0.9210196673411657	-0.08049655440888633	0.5606623182883813	-0.21449456714783804	0.5989902979858497	0.10677654280628875	0.9674963330827879	0.16204908571502025	0.049386321871545825	-0.19638620934947912	0.08276967084236718	0.4965079482868536	0.6411847539639706	-0.25004908802469933	0.4015328168590143	0.4283697566279016	0.30712307038323855	0.3324297784626628	0.15594966768414054	0.06666398698063766	0.8183814330472198	0.8726792033112809	-0.196094966003296	-0.12269481784881084
-0.16983068383755479	-0.27205936433533495	0.5080818111409036	-0.24140805450099817	0.6226967707146668	0.47916433976994005	-0.13534009429334615	0.14614542102525882	0.9191450925915866	-0.0804357895755219	0.5152819119101872	0.3984226940065597	0.3919678096435292	0.10560755250097184	0.5485876816125003	0.16129253970007776	0.049088339001305874	-0.19573747305958625	-0.07342815531330274	0.40073041955898664	0.9446055673895053	0.017019863902754312	0.09054552815791775	0.38192993327333014	0.1813724663198238	0.17763446861222476	0.15516064430764157	0.06636811834531435	0.7244524179609081	0.5858975509704641	-0.19040312298695033	-0.25490619084181815
-0.1796132029342512	-0.2739833606898763	0.5462467628894391	0.04611997029430619	0.573977668545238	-0.030185019322406442	-0.13485130180126378	-0.19833989069953253	0.8459233447890702	-0.08036126073719035	0.3368718489200232	-0.1796171362048663	0.28788559620600274	0.10625550297359694	0.519584709151505	0.1612969645434645	0.04959826019172135	-0.19550185803577821	0.010323303164316955	0.720950929773605	0.6283591821281331	-0.24934047998748515	0.34360261485702853	0.2784996794520382	0.23923447207753393	0.1957875877542581	0.15591508803268547	0.06642578225242599	0.8705508802921587	1.221842585570341	-0.19578299994604756	-0.11512476817050978
-0.18273579272069665	-0.27043365104802924	0.9809171700980612	-0.261302172851469	0.7358427402350364	-0.17500312971671966	-0.14048835003426993	-0.19865370297500837	0.8678208856367028	-0.0857595611391396	0.5829700682612565	-0.21722294628054759	0.8096529230343587	0.10363974705537454	1.144548838146259	0.16065629580616367	0.046326927436271335	-0.20002778472108979	0.22326731771472008	0.3328724775931565	0.5387564405518315	-0.2467798206963623	0.5161188472548225	0.41267966463605066	0.450108307821751	0.5621915011538153	0.15265951076028986	0.06802184834695979	0.7778701393151459	0.7590330449979343	-0.197916332260485	-0.1649284028461193
-0.18009439794805232	-0.2696856752447474	1.3741775323138083	-0.2597042932138578	0.7443110451277577	-0.17365773284988734	-0.13827048242119322	-0.19722085188073213	-0.15929643951636974	-0.08225591476183597	0.5638833899341408	-0.2165730818269677	1.1941653842125248	0.42296694871728474	1.41699287190057	0.4284956725599017	0.05121640473454012	-0.1973263515287787	0.4662159422045644	0.2998589265669822	0.05302182231764353	-0.24538320338130723	0.2537733705464074	0.8544041647907702	0.8651789475117766	1.0421811440883733	0.2444197080965102	0.06995198521527342	-0.06064532118349773	0.27128742225578867	-0.19581951401009276	-0.25516518241581265
-0.18063345064474287	-0.2729888285252738	0.3369114735251993	0.02717314657573458	0.5126616793728889	0.30294131621837317	-0.13456344243594334	-0.07369193255522921	0.9432429640476117	-0.08013546094181472	0.2976192969238562	0.14546151022086165	0.18279454484721186	0.10473613582599187	0.213369070825257	0.16357855724634	0.04738647255991038	-0.19581281012947838	-0.0744140539558145	0.596078708902491	0.8201381316083107	-0.16307593581385785	0.22512255769912454	0.22390671864688058	0.1814021035625843	0.1224074936875323	0.15505324073675383	0.06572644853925835	0.9129995967501403	1.061877271524183	-0.19615984216121796	-0.10660893828567101
-0.17906956345188024	-0.2720317637696589	1.260509867089318	-0.07741913709491424	0.5823173069333021	-0.17162838224052795	-0.13339119944677552	-0.19674118946437283	-0.15760223265003498	-0.07937118802274071	0.3792115883771691	-0.21437840307289013	0.9040066720854005	0.4323244790378065	1.1803742206434167	0.43243653375556346	0.04949869240683009	-0.19390416103956631	0.4530755300326195	0.5117266070580808	0.05390351671799935	-0.24721024557338447	0.19014695445338564	0.7508336183740218	0.8563373882143704	0.9321302279603854	0.23549906533671996	0.06659760446845525	0.03292307468281465	0.5676396368792432	-0.19441389262656641	-0.25435585553053547
