,topology,centrality,position,label
0,0.24531807430141367,0.00043774271981121093,0.7542441829787752,1
1,0.9987207222719338,0.0009081361354953888,0.000371141592570754,2
2,0.8566759425160462,0.0016155353872450364,0.1417085220967089,2
3,0.9878608975371271,0.002286367589616261,0.009852734873256662,1
4,0.7635725906864654,0.001653475534464574,0.23477393377906997,2
5,0.9700815509052874,0.0013235632706154223,0.028594885824097176,2
6,0.9574970676686038,0.0019171474448346417,0.04058578488656157,1
7,0.33748986355481464,0.0003380350506617803,0.6621721013945236,1
8,0.9990914299366175,0.0008248776173385738,8.369244604397634e-05,2
9,0.9017163481514792,0.0009170724535414366,0.09736657939497931,0
10,0.9977640237422992,0.0022039994533363007,3.197680436445941e-05,0
11,0.9966932274880509,0.0010486936257171418,0.002258078886231958,2
12,0.9942404948978516,0.0018420093953538247,0.003917495706794598,1
13,0.4342817286460314,0.0004488662993967029,0.5652694050545719,0
14,0.9328977312709865,0.0008538826405373802,0.0662483860884759,0
15,0.9806630041111916,0.0011081032853544931,0.018228892603453846,0
16,0.9623485686687367,0.0009327293682743513,0.036718701962989084,0
17,0.7259382222942743,0.0013193990916014308,0.2727423786141243,0
18,0.996046598161342,0.001057230479604323,0.0028961713590537628,2
19,0.1260971597042011,0.00015784614018808218,0.8737449941556109,1
20,0.998100733764093,0.00188287088073337,1.6395355173697156e-05,2
21,0.07231494927349827,0.00016255220447846923,0.9275224985220232,0
22,0.6829812793995512,0.0005386171956942053,0.3164801034047547,0
23,0.7528516262798856,0.0019500839763684772,0.24519828974374588,1
24,0.8360689173053959,0.0008301897727140684,0.16310089292189006,1
25,0.3792303556739406,0.00047136971870750136,0.6202982746073519,0
26,0.9980843727142853,0.0007878410852265403,0.0011277862004882152,1
27,0.9411339868767714,0.0015030486413168693,0.057362964481911506,1
28,0.2986788629949638,0.0005988906513171522,0.700722246353719,1
29,0.8441942469632826,0.001900189066049763,0.15390556397066782,1
30,0.9990529626759669,0.0009468188410210326,2.1848301203616114e-07,0
31,0.6757027622354714,0.0007954459326805761,0.3235017918318479,0
32,0.9983981349714471,0.001314294879930598,0.00028757014862210156,1
33,0.8799553341994447,0.0019225360544841254,0.11812212974607121,2
34,0.9929279021936563,0.00391963098382673,0.0031524668225169435,2
35,0.13668378211481028,0.00012506266097644825,0.8631911552242133,0
36,0.5702805732926483,0.0012625853778289737,0.42845684132952266,1
37,0.9921663179290633,0.0014876239341736536,0.006346058136763039,1
38,0.5646955218502527,0.0011809155517884073,0.43412356259795876,1
39,0.998866874189694,0.0010510385837263865,8.208722657949845e-05,0
40,0.9729775890621017,0.0013490552261040912,0.025673355711794302,0
41,0.9980751931774453,0.0019150739268208078,9.732895734072336e-06,2
42,0.7285348902733098,0.000681380351417035,0.2707837293752731,1
43,0.018925585395810778,2.0627754828205065e-05,0.981053786849361,1
44,0.8957510773095484,0.002011474307530565,0.1022374483829212,2
45,0.8811704935759564,0.001480180491844388,0.11734932593219924,0
46,0.053565312405195846,0.00011708688021664513,0.9463176007145875,0
47,0.3869069548920515,0.0005934459603504816,0.612499599147598,1
48,0.9891245956973334,0.0011275711741565845,0.009747833128510026,1
49,0.7630890717552379,0.0013065891719264847,0.23560433907283568,0
50,0.8783459054723693,0.0007335309566931131,0.12092056357093765,1
51,0.028108126097278113,4.059277898036694e-05,0.9718512811237415,2
52,0.9987008087206406,0.0012959181301495034,3.273149209876325e-06,2
53,0.9048764729791055,0.0013743069063833057,0.09374922011451126,0
54,0.9989088755999428,0.0008907854080071848,0.00020033899205023416,0
55,0.09205288253634147,0.00012644344998899573,0.9078206740136695,0
56,0.11429171769800868,0.00021207668696030188,0.8854962056150311,2
57,0.9979242560082416,0.0012534617065046037,0.0008222822852539298,0
58,0.9668479088799606,0.001269992134059179,0.03188209898598008,1
59,0.9989053691402894,0.0008429853202118596,0.0002516455394985865,0
60,0.997632110803779,0.0010582288205806365,0.001309660375640271,0
61,0.567761588151268,0.0012724239297692258,0.4309659879189628,0
62,0.673626387368886,0.0005903491531162458,0.32578326347799774,0
63,0.9847973173472906,0.0011054386528176522,0.01409724399989188,1
64,0.5752281685649193,0.001041370587498883,0.42373046084758176,1
65,0.9971285051966775,0.0015023631661415314,0.0013691316371808443,1
66,0.9990124138437323,0.0008958448902295568,9.174126603814114e-05,0
67,0.3720294880691891,0.0005203410236919131,0.627450170907119,2
68,0.5080581468813121,0.0004123230189806011,0.4915295300997072,0
69,0.7520803742016362,0.0016040990282846208,0.24631552677007917,1
70,0.9974741794426039,0.001913985454518792,0.0006118351028774668,0
71,0.06371732061564386,0.00012887640278781142,0.9361538029815681,1
72,0.6938549794997921,0.0008372556404250035,0.3053077648597829,1
73,0.9982214512909029,0.001115191649361784,0.000663357059735302,1
74,0.9982759331110203,0.0016667975736702125,5.7269315309452115e-05,0
75,0.10700102871744657,0.0001372913071921825,0.8928616799753611,2
76,0.9499260654255988,0.001703628418312953,0.04837030615608836,1
77,0.6995277052350533,0.0006702185204898788,0.29980207624445676,1
78,0.4781762970892956,0.0005714718224037576,0.5212522310883007,2
79,0.9986854164756798,0.0013143744119345992,2.091123856212758e-07,0
80,0.9953396261517988,0.00157642246773549,0.003083951380465636,1
81,0.9984640264410547,0.0015326677190761286,3.305839869157105e-06,0
82,0.9983900156752133,0.0011433893917142553,0.0004665949330724514,0
83,0.8051675178824611,0.0006825619654133557,0.1941499201521256,0
84,0.9980960317004851,0.0018974583632869353,6.5099362278822716e-06,0
85,0.3192318414102176,0.0002903357391511497,0.6804778228506313,1
86,0.9978401685482468,0.002146254496610611,1.3576955142594067e-05,0
87,0.998419347572276,0.0015464727753749029,3.417965234912068e-05,0
88,0.9991049018421497,0.0008923976292638455,2.700528586501815e-06,2
89,0.8098749296695313,0.0018250008421183254,0.18830006948835026,2
90,0.8438639774493635,0.0014467386178925806,0.15468928393274395,2
91,0.4280310529700349,0.0005827304420870135,0.5713862165878779,1
92,0.8094396043317081,0.001773636802124698,0.18878675886616725,2
93,0.7152749599263398,0.0008154342790271175,0.283909605794633,1
94,0.4383087428105559,0.000803857323944762,0.5608873998654994,0
95,0.05070483884297882,5.9582624328380254e-05,0.9492355785326928,1
96,0.8892977748156029,0.001014834848738699,0.10968739033565843,1
97,0.44968694806293474,0.0003847987867125707,0.5499282531503525,0
98,0.9991070474300789,0.0008693785987250332,2.3573971196086036e-05,2
99,0.5808197791258479,0.00047119886781311725,0.41870902200633886,0
100,0.9688326246897364,0.0009858682360708408,0.030181507074192863,2
101,0.7431588455579526,0.0007044427485341703,0.25613671169351315,1
102,0.6657923870078168,0.0013870146834847911,0.3328205983086984,1
103,0.21971475636744467,0.00020802372830423395,0.7800772199042509,1
104,0.9608501784944696,0.0011905954216551123,0.03795922608387538,1
105,0.9249932436941878,0.001527173917693386,0.07347958238811891,1
106,0.07002985533777384,0.00012840967761351335,0.9298417349846125,0
107,0.9989537272001107,0.0010110445082087886,3.522829168057351e-05,1
108,0.9982230213759786,0.0014514697361638089,0.00032550888785753057,0
109,0.020937615675173833,2.4795812819510756e-05,0.9790375885120067,1
110,0.9444348606776101,0.0012808811454878134,0.054284258176902044,0
111,0.5915527976127443,0.0008535983624618176,0.40759360402479383,0
112,0.20432553375684062,0.00020839729455584036,0.7954660689486035,0
113,0.33895261694131984,0.00037175775407571345,0.6606756253046044,0
114,0.20400815940389505,0.00036394656583359653,0.7956278940302715,2
115,0.94831004080083,0.0016529788056006424,0.05003698039356928,2
116,0.9142555260786605,0.0013381030823117776,0.08440637083902791,1
117,0.2059632155274943,0.0004570842412723243,0.7935797002312334,1
118,0.9983278627091361,0.001671287710153404,8.49580710423526e-07,0
119,0.9968275730034879,0.001800512626075315,0.0013719143704368133,2
120,0.1785659913655178,0.00023530290639889976,0.8211987057280833,1
121,0.9991968276190776,0.0007967238123686017,6.448568553952799e-06,0
122,0.716680861188127,0.000841456398583437,0.2824776824132896,0
123,0.6733715993161862,0.00060923235874166,0.32601916832507205,2
124,0.2929096506876281,0.0005580730826646881,0.7065322762297072,0
125,0.9684843859398709,0.0010597088382548576,0.030455905221874146,2
126,0.9976378548082077,0.0016546494632058409,0.0007074957285864911,0
127,0.2942943971507039,0.00029864474905506915,0.7054069581002411,0
128,0.8606088494629826,0.0006599323952250306,0.13873121814179257,1
129,0.6089512642261415,0.0010134592591103237,0.3900352765147481,0
130,0.9936297220289234,0.0009189036211316731,0.005451374349944915,0
131,0.9097387385849127,0.0018791023568754267,0.08838215905821191,1
132,0.9917322460949356,0.0007678727411167288,0.007499881163947629,1
133,0.5104950172256634,0.00040947997284202273,0.48909550280149466,1
134,0.8058873624881995,0.0008606637757501703,0.19325197373605021,1
135,0.264584305493408,0.0003929301494864667,0.7350227643571056,2
136,0.5675950529089824,0.0009316686150148438,0.4314732784760028,0
137,0.09648709847246158,9.521630207868884e-05,0.90341768522546,2
138,0.7957381701527303,0.0007188572782759713,0.20354297256899362,1
139,0.7061196750888878,0.0014673008395670393,0.29241302407154507,0
140,0.9514544587047772,0.0008345897637091863,0.04771095153151369,1
141,0.9978145255743679,0.0018700272744160702,0.00031544715121610773,2
142,0.9838107853808442,0.0010642339621682758,0.015124980656987466,2
143,0.29718530798719645,0.0004072178184729931,0.7024074741943307,1
144,0.9990944498633142,0.0009040657366829887,1.4844000028085693e-06,0
145,0.12172808342589915,0.00013322038461853627,0.8781386961894823,1
146,0.05367764453313853,0.00013872283463624757,0.946183632632225,2
147,0.4360307056564241,0.0004921895167949784,0.5634771048267808,2
148,0.28300917455668123,0.000339429428039155,0.7166513960152795,0
149,0.46972107727254414,0.000747291262480713,0.5295316314649751,0
150,0.32558309925298906,0.0009862128348523405,0.6734306879121587,1
151,0.9963362414726685,0.003429062691604958,0.00023469583572665386,2
152,0.5594681882796291,0.0004129557564208216,0.4401188559639502,1
153,0.7030482939397725,0.0011787777139121468,0.2957729283463154,1
154,0.9932475153332959,0.002049786562664074,0.0047026981040400465,2
155,0.9957339226497918,0.0020773358737923423,0.0021887414764158943,2
156,0.6052202527399607,0.0005853734346380232,0.3941943738254012,1
157,0.3201805148820639,0.0005416000489097282,0.6792778850690265,2
158,0.9528148756856543,0.0015379664491122385,0.04564715786523345,1
159,0.9683630108016295,0.00177138765613784,0.02986560154223275,1
160,0.9991695907443784,0.0008289520990931405,1.4571565284110063e-06,0
161,0.993582195814517,0.0011033735975452853,0.005314430587937647,0
162,0.9863081853582628,0.0010436214598381337,0.012648193181898925,1
163,0.046812217873107784,0.000106711343967886,0.9530810707829243,1
164,0.9986123960461327,0.0013728147240102933,1.478922985706691e-05,0
165,0.998162600630171,0.0012326957894176727,0.0006047035804113113,2
166,0.8486551259744756,0.0009781308234894585,0.1503667432020349,0
167,0.9970416984675746,0.0013601317408021294,0.0015981697916232788,1
168,0.9646903691597214,0.0009193857101123068,0.034390245130166204,1
169,0.06179665215657432,6.993266193367986e-05,0.9381334151814921,2
170,0.4091694768012471,0.0008389993953308887,0.589991523803422,0
171,0.11169907909656132,0.00010150900853478641,0.8881994118949039,2
172,0.8730638863590119,0.002093772527006071,0.1248423411139821,2
173,0.9969120212265715,0.0019859340149431296,0.0011020447584852698,2
174,0.24714879452227953,0.0004150862582721237,0.7524361192194483,1
175,0.9990930250908714,0.0008976682227503862,9.306686378228082e-06,2
176,0.6911362824323645,0.000574230943296236,0.3082894866243392,0
177,0.8122885684088241,0.0006930135759192853,0.18701841801525654,2
178,0.02453703858572204,4.918106938645355e-05,0.9754137803448916,2
179,0.0639170918270147,0.0002367653957775789,0.9358461427772078,2
180,0.7542017823453073,0.001092643059950949,0.24470557459474165,0
181,0.886481999910864,0.0015674197157052692,0.11195058037343074,1
182,0.8708803882862092,0.0016245497509299294,0.12749506196286098,1
183,0.9970521909440794,0.0022537110238935467,0.0006940980320268885,0
184,0.7823167100694562,0.0008916372012883438,0.21679165272925546,2
185,0.9981435735461432,0.0007225696559436037,0.0011338567979130468,2
186,0.28951351530374075,0.00026172993641311804,0.7102247547598461,1
187,0.9990738979832418,0.0009212691345041156,4.832882254181889e-06,2
188,0.9964148902604596,0.0013868261231585394,0.0021982836163819026,0
189,0.9885183912748693,0.002395824706512137,0.009085784018618419,2
190,0.21908815366487702,0.00028785607895194125,0.780623990256171,0
191,0.9990431297127474,0.0009034450915774449,5.342519567516211e-05,0
192,0.4878149991284495,0.00045975558150980077,0.5117252452900406,0
193,0.2855178841119443,0.00028778748926775165,0.714194328398788,1
194,0.9540444209450673,0.001496937069050655,0.044458641985882154,1
195,0.9714888509492626,0.0020234466691979175,0.026487702381539385,2
196,0.45454297905195196,0.0006511423522532788,0.5448058785957949,1
197,0.9991924090374474,0.0008033577776634579,4.233184889073864e-06,1
198,0.2610220246817708,0.0007888172324978492,0.7381891580857313,2
199,0.40963636734719805,0.0007689272869477111,0.5895947053658542,0
200,0.9851181208445839,0.0021491299058399764,0.012732749249575999,1
201,0.9966931192438354,0.0008328841337095339,0.0024739966224550077,2
202,0.9899702826008934,0.0011435464773945211,0.008886170921712183,0
203,0.5671337364633191,0.0005103926072654776,0.43235587092941535,1
204,0.9984366061986171,0.001428505942028913,0.00013488785935412105,0
205,0.0378414678605373,4.616164124239392e-05,0.9621123704982203,0
206,0.14148733634891542,0.00012641014203940298,0.8583862535090451,0
207,0.993190187042872,0.0012437175962238063,0.0055660953609043325,2
208,0.09445022629342842,7.105795260372991e-05,0.9054787157539678,0
209,0.08079671711098571,6.707814608393668e-05,0.9191362047429305,0
210,0.3501644191251848,0.0004798096532854343,0.6493557712215297,1
211,0.19625378849911987,0.00017558087963291774,0.8035706306212472,0
212,0.9982172888416675,0.0017754924582878788,7.218700044614013e-06,2
213,0.5453138067367906,0.0010806384576088806,0.4536055548056005,0
214,0.19703864856854533,0.0004056074507650151,0.8025557439806896,0
215,0.9989146661297226,0.0009678217104877485,0.00011751215978958371,1
216,0.1880708347579745,0.00021292451147475073,0.8117162407305509,2
217,0.93859993794471,0.0008185862855309186,0.06058147576975908,1
218,0.23709857092523887,0.00035794935847051037,0.7625434797162906,1
219,0.11968265394523804,0.0001212422910956128,0.8801961037636664,1
220,0.9984297767096019,0.0014993543733016514,7.086891709647836e-05,2
221,0.682844392209286,0.001152425601326527,0.3160031821893874,0
222,0.5069748520771795,0.0009192540851350416,0.4921058938376855,0
223,0.1203161838393482,0.00011275185317728012,0.8795710643074746,1
224,0.997817173603603,0.0008355841659599897,0.0013472422304369785,0
225,0.7155853273712597,0.0006183369084144211,0.283796335720326,2
226,0.085585167352267,0.0001842871748466385,0.9142305454728865,2
227,0.989120714953787,0.0008277421646570333,0.010051542881556005,2
228,0.09535892831689448,0.0002878566048141676,0.9043532150782913,2
229,0.8723541431355063,0.0013159324273847228,0.126329924437109,0
230,0.6633831787135013,0.0006077764319339272,0.3360090448545649,0
231,0.9005235338568465,0.0016253515306625143,0.09785111461249102,1
232,0.08297967905206016,9.183221862152913e-05,0.9169284887293182,1
233,0.9991097072603051,0.000888733848431842,1.5588912630970386e-06,2
234,0.9953179210903892,0.0012198547460526919,0.0034622241635580203,2
235,0.2476045800258156,0.0002734142630721134,0.7521220057111122,0
236,0.9973483388410626,0.000855126937124843,0.0017965342218125163,0
237,0.7459652034441573,0.0006797378407387721,0.2533550587151039,0
238,0.1304954958560233,0.00018296621248590735,0.8693215379314907,2
239,0.9986136862219549,0.0010670974039486806,0.0003192163740962823,0
240,0.9980551916756327,0.0012772388803760062,0.0006675694439912524,2
241,0.8766353917611599,0.002166741204264833,0.12119786703457522,2
242,0.37608210265145015,0.0004329719054054689,0.6234849254431443,0
243,0.8498329633444883,0.0019505975282721878,0.14821643912723956,1
244,0.7399595795107208,0.0007951765867289366,0.2592452439025502,1
245,0.997299080607965,0.0016117842658614305,0.001089135126173471,0
246,0.7970036635029027,0.0012955690100928865,0.2017007674870044,2
247,0.14264088326182098,0.00018707246943602812,0.857172044268743,0
248,0.9959577862488189,0.002137708083164626,0.0019045056680163286,0
249,0.47266664011235404,0.0005271773179586962,0.5268061825696874,1
250,0.4631103874835833,0.0009761472476647492,0.535913465268752,1
251,0.9954381422317108,0.0015799168839460388,0.0029819408843431046,0
252,0.232207084201616,0.0005150700915227458,0.7672778457068613,0
253,0.06096790490235554,0.00013678781316427108,0.9388953072844801,2
254,0.9858472197511935,0.001667053992748466,0.012485726256058018,2
255,0.998433173327819,0.0014309327711311025,0.0001358939010500272,2
256,0.7689222068032028,0.000792027403467613,0.2302857657933297,1
257,0.9319736224599344,0.0008144899535537246,0.0672118875865118,0
258,0.8261566883907369,0.0010662715522216334,0.17277704005704142,2
259,0.16303094960631073,0.0001656940182756308,0.8368033563754137,0
260,0.1354171089931248,0.00013588923566007832,0.8644470017712151,1
261,0.7091764657191525,0.0013519194314755665,0.289471614849372,2
262,0.996757962098858,0.00132207986776595,0.0019199580333758902,2
263,0.683536544401086,0.0012005753958245853,0.31526288020308935,1
264,0.2002528192226755,0.00018221933058115814,0.7995649614467433,0
265,0.0430388082772065,0.00016606123261080934,0.9567951304901828,2
266,0.03301924291212993,3.8631572823278004e-05,0.9669421255150468,2
267,0.9983100753606735,0.0016720506738884494,1.7873965438114513e-05,2
268,0.4131822667127834,0.0006175463720483724,0.5862001869151682,1
269,0.049343367870394235,8.774571437115517e-05,0.9505688864152346,2
270,0.9268779411907038,0.0008903300203245758,0.07223172878897163,1
271,0.9990568010749291,0.0009401482817843306,3.050643286753945e-06,2
272,0.10009564641943823,0.0001540639467919183,0.8997502896337698,0
273,0.9918621665318993,0.0011371121152662974,0.007000721352834469,0
274,0.8548169499375086,0.0009994976434546513,0.14418355241903677,2
275,0.9980025371050409,0.0008535945084837896,0.00114386838647507,2
276,0.09090814135451253,8.708485348199956e-05,0.9090047737920054,0
277,0.9992125847389356,0.0007837981775967477,3.6170834677941695e-06,2
278,0.40300619415401995,0.0003759103901845334,0.5966178954557956,2
279,0.6031304709739769,0.0008052022325243773,0.39606432679349873,1
280,0.08782542382218206,0.00016432059731913285,0.9120102555804988,2
281,0.986091259741949,0.0013425186506485019,0.01256622160740232,1
282,0.9631538075484521,0.0011819334811742606,0.0356642589703737,0
283,0.2638451635948629,0.0004572855357765105,0.7356975508693606,1
284,0.5567069847375806,0.0008019476538018091,0.4424910676086175,2
285,0.7998242230208369,0.0014543302452716758,0.19872144673389153,0
286,0.38647108249268536,0.0006493240514987068,0.612879593455816,1
287,0.6145995247271093,0.0008843670216689454,0.3845161082512218,1
288,0.9866917381067366,0.0010474764035664833,0.01226078548969683,1
289,0.8899960860584976,0.0007641290461317155,0.10923978489537073,1
290,0.07626740554704371,9.771537068153605e-05,0.9236348790822747,0
291,0.24111091710914737,0.00025781406358081686,0.7586312688272718,1
292,0.9982766835352729,0.0017224654462451821,8.510184820571604e-07,2
293,0.7690636612808597,0.0017752347422247828,0.22916110397691555,1
294,0.997945229550154,0.0014342609162445224,0.0006205095336017049,2
295,0.98201914454647,0.001310404081777824,0.016670451371752253,1
296,0.9836282889380622,0.0016196460182030502,0.014752065043734813,1
297,0.27019430136205136,0.00024063235552362222,0.729565066282425,0
298,0.9983987775266909,0.0013710677391588154,0.0002301547341502601,1
299,0.3063069925037806,0.00030561780872930433,0.6933873896874901,0
300,0.3461103279591947,0.00038867792045104983,0.6535009941203543,2
301,0.772224436548745,0.0016411158069131924,0.22613444764434182,1
302,0.8756331772609578,0.0013182093950459856,0.12304861334399615,2
303,0.6231635913848885,0.00055251066112875,0.37628389795398265,1
304,0.17949562100374883,0.0001615015575235383,0.8203428774387276,2
305,0.998250024410966,0.0017351924269110586,1.478316212291156e-05,2
306,0.09011312163318118,0.00017886091557229163,0.9097080174512466,2
307,0.17706670282231146,0.00028324132164572004,0.8226500558560428,1
308,0.8678526932348494,0.0018214825285219562,0.13032582423662872,2
309,0.9986587088683498,0.0010526861202652415,0.00028860501138484944,0
310,0.10834588025219843,0.00027649429773432283,0.8913776254500672,2
311,0.9962428317248088,0.0009698459767370617,0.002787322298454111,2
312,0.184400881963223,0.00026858455851812914,0.8153305334782589,2
313,0.9902947037175687,0.0022059719813624177,0.007499324301068812,2
314,0.4933300162587941,0.0009550490038553108,0.5057149347373507,0
315,0.3720092831127213,0.0003231506392894079,0.6276675662479891,0
316,0.035324468658975344,3.0895150014804495e-05,0.9646446361910098,2
317,0.7549918423451968,0.000986941633749375,0.24402121602105395,1
318,0.9908755507223629,0.0015088136760899624,0.007615635601547077,0
319,0.16085615223104358,0.00018946686965322593,0.8389543808993032,0
320,0.38888943969094075,0.00041524500457291644,0.6106953153044864,0
321,0.909681270908575,0.0014506557527321027,0.08886807333869282,1
322,0.170235472000745,0.0001628287245086969,0.8296016992747464,2
323,0.997711288839321,0.0022836701682285316,5.0409924502925966e-06,0
324,0.7227157980368464,0.001669939705564647,0.275614262257589,1
325,0.9508984967146503,0.002002577828567069,0.04709892545678259,1
326,0.10213360141233356,0.0005352979023953737,0.897331100685271,2
327,0.31001801372885807,0.0004903231301804417,0.6894916631409614,0
328,0.7588777410821927,0.0010258904747428624,0.24009636844306437,1
329,0.0683481484068298,0.00013073773971176842,0.9315211138534585,1
330,0.6057794635186847,0.0006356089586991497,0.39358492752261603,0
331,0.9743740517885815,0.0015244583492703796,0.024101489862148148,1
332,0.9471394711925386,0.001871421737808127,0.050989107069653324,2
333,0.9852215203710041,0.0014102832369878625,0.013368196392008194,2
334,0.9986592697741427,0.0006718210661042544,0.0006689091597530416,2
335,0.9988258582237679,0.001118172072118129,5.5969704114051284e-05,0
336,0.9811146811756581,0.0018667304274203108,0.017018588396921584,2
337,0.1898808932901779,0.0003574149273492765,0.8097616917824728,1
338,0.9980563795103635,0.0018738986658152063,6.972182382130741e-05,0
339,0.4009258208949507,0.0007622683763972846,0.5983119107286521,1
340,0.9620644452974916,0.001588760510333338,0.03634679419217502,1
341,0.9828355679929855,0.0013211026075231787,0.015843329399491235,2
342,0.9737766733847848,0.00188044746385678,0.02434287915135855,2
343,0.9295795345902489,0.0008069522465317724,0.06961351316321933,0
344,0.8877462933755009,0.0007554902046576302,0.11149821641984135,0
345,0.9980180028759124,0.001165293417330363,0.000816703706757208,2
346,0.22411776073027448,0.00029378356991920795,0.7755884556998064,0
347,0.19002252732566244,0.0001585563841035312,0.809818916290234,1
348,0.9892161752433155,0.001606766074990471,0.009177058681693965,1
349,0.4756100989293972,0.0006666670298701749,0.5237232340407326,2
350,0.05217987297686327,0.00012253188737107047,0.9476975951357657,1
351,0.9987570772518409,0.0012144366250831386,2.848612307599455e-05,0
352,0.9772551240347466,0.004276779218043317,0.01846809674721008,2
353,0.9947708547314196,0.0017259245555768614,0.00350322071300347,1
354,0.9741670306924554,0.0009622354828281068,0.02487073382471651,2
355,0.6432302765428116,0.0007510060099528414,0.35601871744723546,0
356,0.9658519395017129,0.0010132593989734767,0.033134801099313535,2
357,0.03441461585193838,3.483508795491749e-05,0.9655505490601067,1
358,0.8660687805298983,0.001048782753402414,0.13288243671669933,1
359,0.9763857899507339,0.0011269839017287947,0.022487226147537297,1
360,0.20268180900315033,0.00021404682928108905,0.7971041441675685,2
361,0.3550727580435577,0.0007559742804149655,0.6441712676760273,0
362,0.9983572729996343,0.0009855443315508027,0.0006571826688149608,2
363,0.160799911440854,0.00020194157927856142,0.8389981469798674,2
364,0.2593130112798971,0.00028110264622658,0.7404058860738763,1
365,0.997927280948808,0.001632850016756427,0.0004398690344355728,0
366,0.9986692652550883,0.0012660586564813094,6.467608843051556e-05,2
367,0.9973657876905145,0.0011449430796143965,0.0014892692298711556,0
368,0.9521152485787611,0.0020018591197897713,0.0458828923014492,1
369,0.9976478677396448,0.0019551849719412575,0.0003969472884140245,2
370,0.5322485035879815,0.00041689426420060563,0.46733460214781797,1
371,0.8971132666564772,0.0016269644877841764,0.10125976885573877,2
372,0.9992459359753981,0.0007352872277193732,1.8776796882519774e-05,2
373,0.5869200213919453,0.0004983353104978892,0.4125816432975568,1
374,0.9913043886939359,0.0008577860615591467,0.007837825244504843,2
375,0.9983930613732496,0.0013051944479422271,0.00030174417880833495,0
376,0.7001683842516983,0.0010502285011640049,0.29878138724713776,0
377,0.15429718360551029,0.0011198651552725156,0.8445829512392172,2
378,0.09046747928660283,0.00021130749147319427,0.909321213221924,2
379,0.1862402635610919,0.00023758992309013316,0.813522146515818,1
380,0.9988120341646927,0.0008426025875695835,0.00034536324773778326,2
381,0.09260438408036135,0.0004263062529993959,0.9069693096666392,2
382,0.48942788513686913,0.0003597932146969572,0.5102123216484339,1
383,0.27894471613506844,0.0006176624585487643,0.7204376214063828,1
384,0.9986570503665841,0.0011367307428916877,0.00020621889052411206,0
385,0.997253060583558,0.0019665449634034458,0.0007803944530386321,0
386,0.09195170285880744,0.00012569918649318773,0.9079225979546995,1
387,0.8853933080086741,0.0008381743216178915,0.11376851766970805,1
388,0.9974799832829968,0.0023864366771174225,0.00013358003988573358,0
389,0.9731382767667476,0.0016189590565266743,0.025242764176725756,1
390,0.44639123846518936,0.0008515726939940555,0.5527571888408165,2
391,0.14661122902508442,0.00012196024417500047,0.8532668107307406,0
392,0.9991564208502565,0.0007971460478252658,4.6433101918215886e-05,0
393,0.5761182636102548,0.0005555798768078375,0.4233261565129373,1
394,0.8654036011697923,0.0012208547098211612,0.13337554412038652,1
395,0.9522159476913084,0.0015206028376262954,0.04626344947106533,1
396,0.9883015276789265,0.0009175636637588826,0.010780908657314523,2
397,0.15289423556091244,0.00024001160857861176,0.846865752830509,0
398,0.5653925773709824,0.0005268925643943206,0.4340805300646234,1
399,0.9972885550449349,0.0018353866364058022,0.00087605831865945,2
400,0.33274430110396513,0.0007792282052003941,0.6664764706908345,0
401,0.9494197024694128,0.000895575224542664,0.04968472230604456,1
402,0.9983101982749628,0.001688969392743904,8.323322932677928e-07,0
403,0.9640310698781714,0.0014137012954223741,0.03455522882640625,1
404,0.9983491312415962,0.0016474018846566235,3.466873747198532e-06,0
405,0.9981532849594783,0.0016387480181771564,0.00020796702234449405,2
406,0.24864238039146097,0.00024761930017645544,0.7511100003083625,0
407,0.9920617653033855,0.0016838453223131662,0.006254389374301263,1
408,0.6110474664798907,0.0006328814014477191,0.3883196521186615,2
409,0.11829943652415065,0.00032433462066847686,0.881376228855181,1
410,0.9941876377560273,0.001010714921821483,0.0048016473221512345,0
411,0.12074999508157934,8.263516449475065e-05,0.879167369753926,1
412,0.9974592301576006,0.002507086187654926,3.368365474435413e-05,0
413,0.9977433167130586,0.0008519925268835123,0.001404690760057853,2
414,0.12105214123253591,0.0001248579771242011,0.8788230007903398,1
415,0.9148551092669376,0.000973283708784141,0.08417160702427826,0
416,0.07827787499976707,6.653142807744557e-05,0.9216555935721554,0
417,0.21954867122849847,0.0001895554525781567,0.7802617733189233,1
418,0.11540735212125713,0.00014752222125516057,0.8844451256574876,0
419,0.9987790403436223,0.0010163968128588474,0.00020456284351874672,2
420,0.17432334243224318,0.00021097684069481856,0.8254656807270621,1
421,0.9896281466821732,0.0009082422080407605,0.00946361110978596,2
422,0.9983946925803872,0.001077570269696456,0.0005277371499164899,1
423,0.7448858777080566,0.001129851127536384,0.2539842711644071,1
424,0.4212927880161271,0.00032789453943019524,0.5783793174444427,1
425,0.8549154235531946,0.0010543646431529024,0.14403021180365252,1
426,0.993940376468022,0.001605295256313101,0.0044543282756649375,0
427,0.9976741252738549,0.002070332215198553,0.0002555425109464692,0
428,0.9321815188764225,0.0014224133516286372,0.06639606777194873,0
429,0.9982260833708252,0.0014296787105528336,0.0003442379186218468,2
430,0.2957731059961027,0.0005186996024242239,0.703708194401473,2
431,0.18270709458913506,0.0007272270740997722,0.8165656783367652,2
432,0.991296080198692,0.0011681474655565623,0.007535772335751434,0
433,0.09511529909860743,0.00014536210972140577,0.9047393387916711,0
434,0.37297256373344734,0.0005624642214398356,0.6264649720451128,0
435,0.9965934987178917,0.0014526236239058815,0.0019538776582023643,0
436,0.998944643570717,0.0008626806964006704,0.00019267573288241394,0
437,0.9978813179053377,0.0017300436433799267,0.00038863845128245223,2
438,0.9981311056494435,0.0018688809759501923,1.337460622567782e-08,0
439,0.9967056293698648,0.0016649853972341977,0.0016293852329010415,2
440,0.10982466409903242,0.000201995475284521,0.889973340425683,2
441,0.9938028771123458,0.0007887530052568222,0.005408369882397268,0
442,0.8146828307308304,0.0006671225084897254,0.18465004676067986,0
443,0.08382750107346747,0.00010684666376254498,0.9160656522627699,0
444,0.1925923789943862,0.00019844280058946528,0.8072091782050244,0
445,0.2629562454242935,0.0002610105835669596,0.7367827439921395,1
446,0.9977951032506929,0.0010743429423222363,0.0011305538069850192,0
447,0.998017043053833,0.0008217507040818859,0.00116120624208515,1
448,0.9990938336910514,0.0009036503300604024,2.515978888241145e-06,0
449,0.4143612324779422,0.0008726597155932232,0.5847661078064645,0
450,0.9992813277383219,0.0007178075197577606,8.64741920253952e-07,2
451,0.9964668214663088,0.0010470053264862863,0.0024861732072049636,0
452,0.5341301673853124,0.0012936260999837758,0.4645762065147038,2
453,0.18866236556178886,0.00033137712658329164,0.8110062573116278,2
454,0.9599224215052046,0.001804399051034922,0.03827317944376044,2
455,0.42220938834273825,0.000411719554114938,0.577378892103147,1
456,0.9985857718482073,0.0013145120771441696,9.971607464857181e-05,2
457,0.0675850480065978,6.155025859717752e-05,0.932353401734805,1
458,0.28192881386552654,0.00031637210419055217,0.7177548140302829,1
459,0.9989144642817253,0.0010096515550816858,7.588416319293774e-05,2
460,0.15801029858202806,0.00021626240479945955,0.8417734390131725,0
461,0.4453947945592305,0.0004189378902608889,0.5541862675505086,0
462,0.8495998735937402,0.0008151905851691842,0.14958493582109048,0
463,0.9624542934252529,0.0024389889435089897,0.035106717631238044,1
464,0.9980315567582781,0.0017712820298222919,0.00019716121189971092,2
465,0.32032657789824964,0.0002943060596842994,0.6793791160420661,1
466,0.9989012607277773,0.0010012245728691573,9.751469935347361e-05,0
467,0.8956722139948192,0.000755200829791798,0.10357258517538889,1
468,0.26335024681329,0.00028479206664284014,0.7363649611200671,1
469,0.03687905200040294,5.2706122913160295e-05,0.963068241876684,2
470,0.9984726862413367,0.0013887553647974693,0.0001385583938659383,0
471,0.8950202375418398,0.0006002195630522548,0.10437954289510791,2
472,0.3300765689679499,0.0003323062831027233,0.6695911247489473,0
473,0.35706939868939463,0.0007860233160370387,0.6421445779945684,1
474,0.1476072060975261,0.00013081576833476062,0.8522619781341392,0
475,0.3487978118648157,0.0003434251912389562,0.6508587629439453,2
476,0.7948496088221566,0.0017323390409428358,0.20341805213690056,1
477,0.05498138114218298,0.00016006754018497993,0.9448585513176321,2
478,0.8827876296877436,0.0010078137634018803,0.11620455654885452,2
479,0.10721585814942369,0.0002867601201935421,0.8924973817303827,1
480,0.9985680685615355,0.0009013473364903739,0.0005305841019742271,0
481,0.19379741899168834,0.00020339669157726857,0.8059991843167343,1
482,0.43647088381636256,0.00032106867501816396,0.5632080475086192,1
483,0.04669494675102311,0.00021746562328786215,0.953087587625689,1
484,0.2607503247718547,0.00030570223738030533,0.738943972990765,2
485,0.9884356171894941,0.0012451846377319372,0.010319198172773962,1
486,0.9968420129906669,0.0011632727040089437,0.0019947143053240905,0
487,0.9127895561200619,0.002197190401920009,0.08501325347801825,2
488,0.5051067032364736,0.000971963829931694,0.49392133293359486,0
489,0.4985885539621968,0.0008724584000807016,0.5005389876377224,1
490,0.2833092711205776,0.0007921050772474143,0.7158986238021751,1
491,0.7022948606458078,0.0006015403651031864,0.2971035989890891,1
492,0.8785898848237153,0.00193182732510086,0.11947828785118396,2
493,0.9900407350565061,0.001993587248135079,0.007965677695358886,1
494,0.4495122489315407,0.0006987336204728766,0.5497890174479865,1
495,0.9663177496073337,0.0015657016457434531,0.032116548746922734,2
496,0.6460770781570004,0.0010146914581533857,0.3529082303848462,1
497,0.766196523389385,0.0014993817008606236,0.2323040949097544,1
498,0.06305214602059218,0.0001049087615201265,0.9368429452178878,2
499,0.9964151189153596,0.0015023536276620873,0.002082527456978362,2
500,0.9970570029046014,0.0029073475484143255,3.564954698426909e-05,2
501,0.2616595825717378,0.00022175312397817187,0.7381186643042841,0
502,0.8563766251384761,0.0015154089106905423,0.14210796595083336,1
503,0.030872100608362162,4.4060432510992165e-05,0.9690838389591269,1
504,0.3180674798922079,0.0006219008727901052,0.681310619235002,0
505,0.9990174182927662,0.0008733360497929582,0.00010924565744070192,2
506,0.9731340407193849,0.0010701510422952707,0.025795808238319753,0
507,0.9635548431929618,0.000995431600471558,0.035449725206566675,2
508,0.6260198565262384,0.001935461869566316,0.37204468160419524,0
509,0.4473376715569071,0.0005067531593682138,0.5521555752837246,0
510,0.9938658026110154,0.0009827355122960467,0.005151461876688506,2
511,0.8013322993712676,0.0007828779849844363,0.19788482264374793,2
512,0.13992486774248653,0.00010585805107333353,0.8599692742064402,1
513,0.9172550683107131,0.0011460175495416438,0.08159891413974524,0
514,0.7280064995203308,0.0017325716788425722,0.2702609288008267,1
515,0.8382615451555341,0.0010094294158160193,0.16072902542864986,2
516,0.9199012528890749,0.0007283254957078617,0.07937042161521737,1
517,0.7925016126905918,0.0013403475606157083,0.2061580397487925,0
518,0.9979234453074881,0.0011763247546214021,0.0009002299378906497,2
519,0.5146577064007412,0.00044368178550830654,0.48489861181375044,2
520,0.4070623246913652,0.001079481764025432,0.5918581935446094,2
521,0.9989841615419213,0.0010082397285827843,7.598729496009728e-06,0
522,0.26908183216620546,0.0005372484258056576,0.730380919407989,0
523,0.914822644779801,0.001179831469033835,0.08399752375116513,2
524,0.9012542489545243,0.0017853748301334953,0.09696037621534219,2
525,0.2783577570556514,0.00042561543436593846,0.7212166275099826,2
526,0.9987301800929469,0.0010312067298122254,0.0002386131772408949,0
527,0.5942263988883683,0.0005567052528118535,0.40521689585882,0
528,0.8623125061323715,0.0016041971736548372,0.13608329669397357,1
529,0.9992557429038991,0.0007022418909828348,4.201520511831819e-05,2
530,0.5509511591771769,0.000785225084232023,0.44826361573859125,0
531,0.2552399350272292,0.00023717187687466353,0.7445228930958961,1
532,0.9985888653885194,0.0008700902268979426,0.0005410443845825409,2
533,0.4743802446469746,0.0005559518343186285,0.5250638035187069,2
534,0.9988514057251471,0.0009682208549460344,0.00018037341990694575,2
535,0.19710120564864483,0.0003389522003051455,0.8025598421510501,2
536,0.7897955830253672,0.0020365394118127544,0.20816787756282001,2
537,0.9546651030599614,0.0008002053001373819,0.04453469163990107,2
538,0.9989434138621924,0.0009861256808489968,7.046045695868793e-05,0
539,0.8648338201821468,0.0013960613620883624,0.1337701184557648,2
540,0.9965080212494507,0.0012055019556194545,0.002286476794929802,2
541,0.9967397562069757,0.002171627500485335,0.0010886162925388665,2
542,0.12357365849186679,0.00010728092581483762,0.8763190605823182,0
543,0.9879939965323041,0.0014162093776823401,0.01058979409001353,1
544,0.4783676277348175,0.00042934808326458834,0.521203024181918,1
545,0.9765132051315338,0.000942096494387974,0.022544698374077993,2
546,0.9818978106960745,0.0014763768314553173,0.016625812472470188,0
547,0.9988588350305305,0.001116765732702821,2.4399236766574982e-05,0
548,0.9981855967171196,0.0007792363626764505,0.001035166920203795,0
549,0.7262552288447361,0.0006656910724126025,0.27307908008285126,0
550,0.9920575755940488,0.0007839195270974962,0.007158504878853614,2
551,0.9931671765663409,0.0009414767195661405,0.005891346714092888,0
552,0.9989768923359802,0.0009814203634222532,4.1687300597654016e-05,2
553,0.9987530864166456,0.0009636116726888827,0.00028330191066544314,0
554,0.925754043103073,0.0020796454709308475,0.07216631142599618,0
555,0.9977171504864318,0.001894713719660404,0.0003881357939077356,1
556,0.2111176111712938,0.000330941515110682,0.7885514473135955,1
557,0.1622293359939276,0.0004840786585099574,0.8372865853475624,2
558,0.9985338463421531,0.0014632674282287347,2.8862296180273567e-06,2
559,0.9943859906058209,0.001297231964405757,0.004316777429773293,1
560,0.9496664870433468,0.002718720273727009,0.04761479268292618,1
561,0.8682696453689633,0.0019435543396920214,0.12978680029134462,2
562,0.9926486756062673,0.004453289108239352,0.0028980352854934654,2
563,0.9982738064271108,0.0017261866818662978,6.891022855305378e-09,2
564,0.5304621425663955,0.0013001701057191125,0.4682376873278855,1
565,0.029358581746604023,4.774809055842725e-05,0.9705936701628376,1
566,0.03820162325022018,0.00011321517155557559,0.9616851615782244,2
567,0.9985019022490599,0.0013368982635562994,0.00016119948738382457,2
568,0.9572228336164148,0.0011802230915881602,0.041596943291997,0
569,0.993842794441012,0.003208310423902489,0.0029488951350855764,2
570,0.7484954660934887,0.0009511388381425481,0.25055339506836877,1
571,0.36051701640802886,0.0006444113950701467,0.638838572196901,1
572,0.18520068351101243,0.00019269567586654827,0.814606620813121,1
573,0.7594432278291764,0.0006148369052498192,0.23994193526557372,0
574,0.06351387373149835,7.201370317766459e-05,0.9364141125653241,1
575,0.997684204893897,0.0013494593573629044,0.0009663357487401516,2
576,0.28618300708497973,0.0002442395618664112,0.7135727533531537,1
577,0.5551027940739925,0.0008047245486920694,0.44409248137731544,0
578,0.3578253774516565,0.0002335250621588287,0.6419410974861847,2
579,0.9983320973692238,0.0016540940262108048,1.3808604565264062e-05,2
580,0.9827226875883982,0.0013264094786892696,0.015950902932912493,1
581,0.757303308854096,0.0006172019925451441,0.24207948915335892,0
582,0.9011727324695775,0.001597503055803956,0.09722976447461848,0
583,0.08976027601372588,6.927089891005162e-05,0.9101704530873641,2
584,0.5479854680442978,0.0004883836345559617,0.4515261483211462,0
585,0.06737794601702903,0.0001600356613989784,0.9324620183215719,2
586,0.37849798172442406,0.00030837322259678223,0.6211936450529791,0
587,0.7676384766558835,0.001249518551684626,0.23111200479243185,0
588,0.5013359465793719,0.00043139456841119386,0.4982326588522169,1
589,0.23609911168813352,0.0002988307776641667,0.7636020575342022,1
590,0.9660964165866582,0.0021088675866886963,0.031794715826653164,0
591,0.9990950209638156,0.0007836637734954102,0.00012131526268889143,2
592,0.30576994666315277,0.00036213618435226803,0.6938679171524951,0
593,0.30819985998643507,0.0005308364230113395,0.6912693035905536,2
594,0.5306153120997705,0.0005145201644717122,0.4688701677357578,2
595,0.7473033809837397,0.0013652257260335359,0.25133139329022675,0
596,0.13100679007299348,0.00029098997608549044,0.868702219950921,2
597,0.3894948084603357,0.0003956646343029158,0.6101095269053614,0
598,0.997464059680814,0.0014656442426701022,0.001070296076516015,1
599,0.263497601142893,0.0004050271609909488,0.7360973716961162,2
600,0.9984784293263883,0.0015210817587237397,4.889148879485442e-07,0
601,0.4994100812033993,0.0007689425715949232,0.49982097622500565,1
602,0.39382249248343837,0.00036999852938815974,0.6058075089871736,0
603,0.8274540947912813,0.0010118757513858843,0.17153402945733287,1
604,0.4019687010434764,0.0006325907005592393,0.5973987082559645,0
605,0.6396583236085309,0.00048131651475916896,0.3598603598767099,1
606,0.026373099972175025,2.6704992796483055e-05,0.9736001950350285,1
607,0.7395819485582299,0.0007291810762891504,0.2596888703654809,0
608,0.9788154788382593,0.0016301158701150342,0.0195544052916256,1
609,0.9991721593254136,0.0007977346201116476,3.0106054474804268e-05,2
610,0.9977395409841924,0.0019642519832873745,0.00029620703252026745,1
611,0.9970048575961621,0.0019079791200555763,0.0010871632837824601,0
612,0.3855023532432407,0.0006106498409513315,0.6138869969158081,2
613,0.998103938426647,0.0012420777196791512,0.0006539838536737659,2
614,0.12373932544895984,0.00013009024948510222,0.8761305843015551,1
615,0.6357391096629035,0.0006048837403286493,0.36365600659676783,0
616,0.8031375912376452,0.001835757691341344,0.1950266510710134,1
617,0.9982201412285475,0.001746564905014765,3.329386643775343e-05,1
618,0.9961608868243333,0.0017269272098229581,0.0021121859658436047,1
619,0.2412309588946717,0.0001911995204623738,0.7585778415848659,1
620,0.7631279671469545,0.0006362882975010669,0.2362357445555444,1
621,0.1395005254766821,0.00034430811906186197,0.860155166404256,2
622,0.9959064984133634,0.0010848076459837924,0.003008693940652637,0
623,0.7717429411176684,0.0015433523991827556,0.22671370648314879,1
624,0.35734830395455275,0.0005904177378629719,0.6420612783075843,1
625,0.9980926362341135,0.0018188792504917459,8.848451539486538e-05,0
626,0.6468926619603287,0.0005632559688578726,0.35254408207081345,1
627,0.30906020222692,0.0002536032376462352,0.6906861945354337,0
628,0.9889476888771653,0.0008049454026970205,0.010247365720137638,0
629,0.3767762107713899,0.0007303140307095003,0.6224934751979005,0
630,0.8146005233569834,0.0006866042228510687,0.18471287242016554,0
631,0.6597868177680744,0.0005847737468129338,0.3396284084851128,1
632,0.6298994595709135,0.0011600246830597329,0.3689405157460267,1
633,0.07799118999263105,0.00011229623126658909,0.9218965137761024,0
634,0.5250273546100809,0.0009473064119718386,0.4740253389779473,2
635,0.7571909961074157,0.0021232874208049245,0.2406857164717794,2
636,0.3377370275286083,0.0005425487200847038,0.661720423751307,1
637,0.9987005526478961,0.0012069752752205318,9.247207688319681e-05,2
638,0.9973925983002857,0.000723725565602098,0.0018836761341121256,1
639,0.442460224442922,0.0018149903568990006,0.555724785200179,2
640,0.9982939888194454,0.0017012185215941006,4.792658960547288e-06,2
641,0.8978128821708319,0.0021949960604912113,0.09999212176867679,2
642,0.3777482013217999,0.0008926724487958921,0.6213591262294041,0
643,0.07160638607909345,0.0001994129174264959,0.9281942010034802,1
644,0.9493258299828923,0.0021724616722490126,0.04850170834485866,0
645,0.9863420078481662,0.0008417622567588726,0.012816229895074933,2
646,0.8916320970124112,0.0017430197379236494,0.10662488324966518,2
647,0.7626339735608032,0.0007477488826331464,0.23661827755656367,1
648,0.4550192769200279,0.00043840737191812323,0.544542315708054,2
649,0.6114543289861979,0.0004999390662933362,0.38804573194750885,1
650,0.5075170138183818,0.0006980477632354253,0.49178493841838283,1
651,0.9929443962362968,0.0011154447858994778,0.005940158977803823,0
652,0.9342254578930014,0.0009006727780848008,0.06487386932891376,0
653,0.5854410614288778,0.000994333101549571,0.4135646054695727,1
654,0.6712494963600766,0.0006871195009485055,0.3280633841389749,2
655,0.9978630240923898,0.00201400221211319,0.00012297369549705604,0
656,0.32067457258668,0.0008250872645353479,0.6785003401487846,1
657,0.997788597236762,0.002153122840405907,5.827992283206786e-05,0
658,0.38332723880654035,0.00041916183040856047,0.6162535993630511,0
659,0.7020842787026507,0.0006081039670004302,0.297307617330349,1
660,0.557934298775994,0.0008531720065539202,0.441212529217452,2
661,0.2248258665314759,0.00020059792779241053,0.7749735355407318,0
662,0.48304394288519603,0.0005537685286194551,0.5164022885861845,0
663,0.9742037999016032,0.002220211540466944,0.02357598855792998,1
664,0.8775419488054761,0.0019121487966934367,0.12054590239783042,1
665,0.655720904630246,0.0008600780633143635,0.34341901730643964,0
666,0.9973012708858842,0.0018648748626395022,0.000833854251476289,0
667,0.9883456650043041,0.0018252152981981695,0.009829119697497689,2
668,0.2322486404963051,0.000444776093712228,0.7673065834099827,0
669,0.955798218898023,0.0014218841326406378,0.042779896969336456,1
670,0.11017737901257535,0.0001975573666467991,0.8896250636207779,2
671,0.9977726601678073,0.0014509577580966559,0.0007763820740961085,2
672,0.9909525223577923,0.001959712558818451,0.007087765083389287,2
673,0.7381277297115127,0.0007003745450204433,0.26117189574346683,1
674,0.9806012369359393,0.0008373804904712049,0.01856138257358954,2
675,0.8524423520614783,0.0007680535352252754,0.14678959440329634,1
676,0.357578289050316,0.0010143039724665336,0.6414074069772175,2
677,0.7019030390319457,0.0006194275646471873,0.29747753340340705,0
678,0.9535470573993069,0.0016504421400607328,0.04480250046063248,2
679,0.9977754057165245,0.002078918288666493,0.00014567599480894857,0
680,0.12721271702040593,0.00018407694189300858,0.8726032060377011,2
681,0.9702886011757526,0.0010839208113767609,0.02862747801287072,1
682,0.9880336603017297,0.0016891624026034602,0.010277177295666863,2
683,0.9986180950547371,0.0012856795308060491,9.622541445692482e-05,2
684,0.24691657711629525,0.0002691525913436305,0.7528142702923611,1
685,0.10811139889617832,9.887959845212972e-05,0.8917897215053696,1
686,0.7213234948068197,0.0008835912788104791,0.27779291391436994,1
687,0.16414995108248642,0.00021480390869037504,0.8356352450088231,2
688,0.4650985885670939,0.0006094928198400416,0.534291918613066,1
689,0.12553346900900483,0.000173538948336166,0.8742929920426591,0
690,0.16809376110394195,0.0005073871551940588,0.8313988517408639,0
691,0.9985963701903746,0.0010593677041301015,0.00034426210549522255,2
692,0.9984527514846738,0.0015370505519482196,1.0197963378053139e-05,1
693,0.971512834663674,0.001388695507758887,0.0270984698285671,2
694,0.9987448573327469,0.0012248379185290613,3.030474872416917e-05,0
695,0.30498034882662994,0.0003475123732608447,0.6946721388001091,0
696,0.24463993244673615,0.00042020427435416154,0.7549398632789097,2
697,0.23307573944394008,0.00019914785307179172,0.7667251127029882,0
698,0.19572380045883264,0.00029265550263579606,0.8039835440385316,0
699,0.9941963912255718,0.0016570050946964434,0.0041466036797317175,2
700,0.39807839411656215,0.0005208264111182879,0.6014007794723195,0
701,0.9986019994152577,0.0013931545199109534,4.846064831237926e-06,0
702,0.8113289351997162,0.0005825979345830071,0.18808846686570088,1
703,0.048588184476655416,5.940974207805053e-05,0.9513524057812665,1
704,0.03027995356482523,6.110007908120522e-05,0.9696589463560936,2
705,0.8697787098885593,0.0018674020486131298,0.1283538880628275,0
706,0.971359139782067,0.0011146181190612864,0.027526242098871754,2
707,0.617499952634863,0.0007671966939177809,0.38173285067121915,1
708,0.6208892712715715,0.0005189536503959716,0.3785917750780326,0
709,0.869622356418259,0.0008105141692203496,0.12956712941252063,0
710,0.32194939086201996,0.00026942364060575694,0.6777811854973742,1
711,0.7647778320280928,0.0005833780387185964,0.23463878993318854,2
712,0.9971511766691236,0.00278043291689654,6.839041397984413e-05,2
713,0.9330017084889319,0.0016876625273405943,0.06531062898372751,0
714,0.9680417971694165,0.0025247277746433777,0.029433475055940062,2
715,0.999102228939309,0.0008929727106794391,4.798350011477344e-06,0
716,0.4700818148283749,0.0008932488634010206,0.5290249363082241,0
717,0.3391432590726655,0.0005225592110485775,0.6603341817162861,2
718,0.20795846095115564,0.00028638906377876635,0.7917551499850655,1
719,0.9334703848600109,0.0013087007454654037,0.0652209143945236,2
720,0.8272099381286038,0.0017541912655321295,0.1710358706058642,1
721,0.2230449856455101,0.0001845716645756544,0.7767704426899142,0
722,0.4529360445721383,0.0005207645422345079,0.5465431908856271,1
723,0.9976349279062154,0.0011514690565552054,0.0012136030372292723,0
724,0.8321903871322853,0.0017011627448215803,0.16610845012289313,1
725,0.7207783274774552,0.0005987618203175375,0.2786229107022273,2
726,0.96829359922906,0.0009331131100989626,0.030773287660841076,2
727,0.4366146727472553,0.0003606332271978325,0.5630246940255468,0
728,0.9988222538719843,0.0008269456647657076,0.00035080046324994303,1
729,0.8677740551911911,0.0007285936890485078,0.13149735111976046,2
730,0.9987196026793925,0.001272185969787801,8.211350819730835e-06,0
731,0.9986678289462532,0.001325559990454913,6.611063291811809e-06,2
732,0.8711358855243021,0.0010728350234689972,0.12779127945222882,1
733,0.03978029546882958,8.619233398954094e-05,0.9601335121971809,0
734,0.5633149750047768,0.0007101140116846658,0.4359749109835385,2
735,0.13834194977336933,0.0001452093142693923,0.8615128409123614,0
736,0.9156576773463712,0.002534026676212124,0.08180829597741678,2
737,0.22380357956966826,0.00017308526138174395,0.77602333516895,1
738,0.27736312272636326,0.0002867664687377015,0.7223501108048991,1
739,0.5683632568310064,0.0005525061033742825,0.43108423706561927,1
740,0.979192680231066,0.001122029163453608,0.01968529060548044,0
741,0.42113014149429007,0.0005315595002038416,0.5783382990055062,1
742,0.9017169080455602,0.0014468850522513408,0.09683620690218836,0
743,0.9614493605851977,0.0011360783047605263,0.03741456111004161,2
744,0.19015858664471058,0.00033596317691265466,0.8095054501783766,1
745,0.45738528866565775,0.0005379806433691389,0.5420767306909732,2
746,0.2994180855549369,0.000764764195191115,0.699817150249872,1
747,0.22330415148016294,0.0002714373897883245,0.7764244111300488,1
748,0.010601861094879882,1.3210830925736416e-05,0.9893849280741944,1
749,0.4181848949777081,0.00037017900820525553,0.5814449260140867,0
750,0.6668618910024285,0.00047837625657596515,0.3326597327409955,1
751,0.998946819427326,0.0010526490145062156,5.315581677136322e-07,0
752,0.9972066768460605,0.0011279238896838727,0.0016653992642558697,0
753,0.9646714680555067,0.004151513882612512,0.03117701806188089,2
754,0.02914220462087744,4.97933990573504e-05,0.9708080019800652,2
755,0.6370423001599204,0.0009847197351962192,0.3619729801048835,1
756,0.9847881037022876,0.0015459122615235526,0.013665984036188667,0
757,0.5176388985802867,0.00043246301246693754,0.48192863840724637,1
758,0.5096878333387245,0.0011512549452004867,0.48916091171607506,1
759,0.18126393775787764,0.00033996007768302515,0.8183961021644393,0
760,0.07065540590639696,0.0001363930104185015,0.9292082010831845,2
761,0.8330380177116613,0.0006311881185413839,0.1663307941697973,0
762,0.8755650427281819,0.0012258421380685759,0.12320911513374952,2
763,0.3640564125680733,0.000344796803541349,0.6355987906283853,0
764,0.9982259450730007,0.0011441040572275885,0.000629950869771789,2
765,0.2852712799328398,0.0003196144993174845,0.7144091055678428,0
766,0.991273413527269,0.0007966583137637937,0.007929928158967096,2
767,0.5278343608509406,0.00046461716326279896,0.4717010219857965,2
768,0.02030878751744217,2.1140828534534655e-05,0.9796700716540234,1
769,0.9985426184626586,0.0011618297921096494,0.0002955517452317614,2
770,0.9915646864314355,0.0011972244101837325,0.007238089158380814,2
771,0.28969548235284087,0.00028251359089597074,0.7100220040562631,1
772,0.3311779409890304,0.0006340793283251682,0.6681879796826445,0
773,0.9977931481736511,0.001961592688990627,0.00024525913735821227,0
774,0.890204415705292,0.0008102704616006829,0.10898531383310739,0
775,0.2170765698013127,0.00022892339801795536,0.7826945068006693,0
776,0.5240871323874802,0.0006830676483309659,0.47522979996418874,2
777,0.11360292606235993,0.00018031714568614575,0.8862167567919539,1
778,0.6040329194250101,0.0010828846943074697,0.39488419588068246,2
779,0.99898116343922,0.0010173552960402034,1.4812647396855997e-06,2
780,0.3737665452416399,0.00047539317713324346,0.6257580615812268,0
781,0.1903115306903604,0.00022815597141558666,0.8094603133382241,1
782,0.9977486742660119,0.002163022375552442,8.830335843560123e-05,0
783,0.9893488656509197,0.001522598873011522,0.009128535476068756,1
784,0.581160377805889,0.0008609876180407328,0.4179786345760703,0
785,0.8914674251386295,0.0013687725776506522,0.10716380228371976,0
786,0.884727765497216,0.0018890888509341328,0.11338314565185001,2
787,0.11827438226900637,9.990015676487196e-05,0.8816257175742288,2
788,0.07184408818680482,9.302773583793478e-05,0.9280628840773572,1
789,0.9630199940906413,0.0009408054878604524,0.03603920042149826,0
790,0.26808327847690616,0.00025131520109955655,0.7316654063219943,0
791,0.9991206695962316,0.0008545422101304193,2.478819363795915e-05,2
792,0.9971020942114919,0.0019686877636847294,0.0009292180248235321,2
793,0.9990268440480604,0.0008583735856845214,0.00011478236625498644,0
794,0.8940674900773347,0.0010408521583963794,0.10489165776426895,0
795,0.9991929613133069,0.000806383806461066,6.548802319766243e-07,2
796,0.13456495751565326,0.0001759533430698564,0.8652590891412768,1
797,0.9892612624645196,0.0015311698393606576,0.009207567696119807,0
798,0.5044555501733421,0.0005334678959787487,0.49501098193067905,2
799,0.8773451010094702,0.001409009121633612,0.12124588986889642,2
800,0.9938902892457142,0.0012215377940629584,0.004888172960223008,1
801,0.10630683495444433,9.058705596788009e-05,0.8936025779895879,1
802,0.018609549486796727,2.3597455905029275e-05,0.9813668530572981,1
803,0.33044218297084205,0.0004057561526310427,0.6691520608765269,2
804,0.212544956209708,0.000575932872485009,0.786879110917807,2
805,0.8862928800375115,0.0009901964540749673,0.11271692350841354,2
806,0.49492607136481565,0.0005291007600905369,0.5045448278750938,1
807,0.9985183890864356,0.0009893559680025068,0.0004922549455618253,0
808,0.22045876800741782,0.00015595070109844812,0.7793852812914838,2
809,0.9986297016121343,0.0013547049766764311,1.559341118939898e-05,2
810,0.9978190068197921,0.0021623169923864326,1.8676187821476134e-05,1
811,0.032791837761282666,2.741961382943514e-05,0.967180742624888,1
812,0.999271453847053,0.0007207787355909304,7.767417356148431e-06,0
813,0.5699016068484739,0.0005631444438068859,0.4295352487077192,2
814,0.9988175886939655,0.000994146058448885,0.00018826524758551444,1
815,0.49953120482489727,0.0008622952687713874,0.49960649990633144,0
816,0.670348397206412,0.0007255156257193959,0.3289260871678686,1
817,0.1479024157474555,0.00018246245273996126,0.8519151217998047,0
818,0.0388921698534795,5.5086230163431995e-05,0.961052743916357,2
819,0.32485971954370485,0.0002733712478849862,0.6748669092084102,1
820,0.4747280266773077,0.000654936718325541,0.5246170366043669,1
821,0.37097927392448615,0.0008007559735354298,0.6282199701019784,0
822,0.6938071479001954,0.0006804205866993874,0.30551243151310525,2
823,0.6454790082204964,0.0005620809734231641,0.35395891080608044,1
824,0.8358788339212093,0.0006924028327319983,0.16342876324605882,2
825,0.4603634601230244,0.0005104958311596609,0.5391260440458159,1
826,0.998833052596053,0.001087487085099504,7.94603188473704e-05,0
827,0.8092504236539055,0.0008218435555175682,0.1899277327905768,1
828,0.23881829048923872,0.0003234202229427981,0.7608582892878184,0
829,0.9988180751725564,0.0011324364535982804,4.9488373845143364e-05,2
830,0.5725930504342294,0.0005305793495001349,0.42687637021627056,1
831,0.9754966506080451,0.0010375132267769187,0.023465836165177844,2
832,0.9991421869315171,0.0008575374778424809,2.7559064032271165e-07,0
833,0.9988159484494241,0.001137055894022536,4.699565655326876e-05,0
834,0.9981967939681383,0.001556808614919749,0.00024639741694202375,2
835,0.6706572701756848,0.0006605245944563449,0.32868220522985886,1
836,0.3301324901425064,0.00027575522086097575,0.6695917546366326,0
837,0.4942152649015151,0.0008335924650902712,0.5049511426333947,0
838,0.2365858729308481,0.0005899987049216046,0.7628241283642303,2
839,0.9967046444870107,0.0021107994046019006,0.0011845561083873664,0
840,0.23804847877902308,0.0002558008146874677,0.7616957204062894,0
841,0.18618278161146068,0.0008250346684059515,0.8129921837201334,2
842,0.08462837008554333,0.00015627484484399628,0.9152153550696126,2
843,0.02748247881760216,2.355841324369429e-05,0.9724939627691542,1
844,0.20243464065971375,0.00018426079980377884,0.7973810985404823,0
845,0.7762139926557412,0.0006868943341654392,0.22309911301009336,1
846,0.5306920828931417,0.0016001745555910506,0.4677077425512672,1
847,0.9984684328776494,0.0014635245351301046,6.804258722038625e-05,0
848,0.7360786721563722,0.0007513063333728513,0.263170021510255,0
849,0.2137963742249413,0.00023428764594657391,0.7859693381291121,2
850,0.41136290001429254,0.0003581584189691273,0.5882789415667384,1
851,0.9981197789493221,0.0018765554872515419,3.665563426391729e-06,0
852,0.9809186055715522,0.0014408844546502401,0.017640509973797475,2
853,0.9982871230198841,0.0014306942686585732,0.00028218271145729934,2
854,0.8740418300366348,0.0019479745944607583,0.1240101953689044,2
855,0.335515410858057,0.0007488099289249646,0.663735779213018,2
856,0.5643601246127062,0.001030984965308531,0.4346088904219853,0
857,0.9977446325100277,0.0017708485723336674,0.0004845189176386762,0
858,0.9976017585656316,0.0022962342943689943,0.00010200713999954932,0
859,0.27029746772252095,0.0007274016801690785,0.72897513059731,1
860,0.9924676551852183,0.002294389597487524,0.005237955217294135,2
861,0.827382009853762,0.0016172011506212143,0.17100078899561671,1
862,0.9976788731330243,0.002311331216844197,9.795650131566002e-06,0
863,0.21473541441118252,0.00038204219790157384,0.7848825433909159,1
864,0.9986018652572015,0.001332018567812837,6.611617498581683e-05,2
865,0.05701804409610721,0.0001087773925701599,0.9428731785113227,1
866,0.9542753383999975,0.0008838643845684109,0.04484079721543404,1
867,0.7370933087330012,0.001367501672183575,0.2615391895948153,0
868,0.22488131490107116,0.00023114830399493247,0.774887536794934,0
869,0.6483083019161695,0.0009218189568775542,0.35076987912695284,1
870,0.9976700657913898,0.00153340526124667,0.0007965289473635449,1
871,0.9270879252526082,0.0009400565715017964,0.07197201817589001,0
872,0.5280662436459541,0.0005974780953564282,0.4713362782586895,1
873,0.8708421841683242,0.001745467116598487,0.12741234871507734,2
874,0.8868015093788673,0.0011849718616032897,0.11201351875952945,1
875,0.9982309795681381,0.0015307979890832925,0.00023822244277860107,1
876,0.8074719438871155,0.0007772898875649606,0.19175076622531956,2
877,0.8852100988670257,0.001574347210444806,0.1132155539225294,0
878,0.9768638406825702,0.0016169538728671598,0.021519205444562605,2
879,0.2629883565106472,0.000435413002645994,0.7365762304867067,2
880,0.9928263255917721,0.0010302221432139838,0.006143452265013801,2
881,0.6617752927275391,0.0005564241993504034,0.3376682830731105,1
882,0.9968402850498834,0.0009966798608234547,0.0021630350892931005,2
883,0.9033926863883494,0.0018230766464431304,0.09478423696520755,2
884,0.9269866343759324,0.0007685031382602953,0.07224486248580742,1
885,0.9980128604627738,0.0015799533254506268,0.0004071862117756576,0
886,0.7474383355752657,0.0006989900601345274,0.25186267436459964,1
887,0.9896463747754763,0.0015854508679327528,0.008768174356590837,1
888,0.9991089612503824,0.0008886061208910666,2.4326287264860225e-06,2
889,0.508528587211315,0.0011481654734165608,0.4903232473152684,0
890,0.1463855686625558,0.00015502570643889148,0.8534594056310054,1
891,0.3484724944915242,0.00036022284340027523,0.6511672826650755,2
892,0.47636644381477505,0.0007830015976753866,0.5228505545875495,2
893,0.7605721710440128,0.0006587993324143262,0.2387690296235729,1
894,0.9702241821640545,0.0008072431585925005,0.028968574677353066,2
895,0.06926549558575767,0.0003391040395010666,0.9303954003747412,2
896,0.28079566499206626,0.00020019137377209605,0.7190041436341617,1
897,0.3791125056458546,0.0003775087730259121,0.6205099855811195,1
898,0.9985765025941566,0.0008643990612887346,0.0005590983445546283,0
899,0.5573182657527994,0.00045858635845204976,0.44222314788874856,1
900,0.3449000994491831,0.00040592297675148934,0.6546939775740654,0
901,0.8946867573675069,0.0007921242810412147,0.10452111835145188,1
902,0.9939130599114883,0.0010001518292934216,0.005086788259218233,1
903,0.9892555881614741,0.0018648033924211181,0.008879608446104819,1
904,0.21009928914108467,0.00021491018863552952,0.7896858006702799,0
905,0.08883633759910854,0.00020808189176449007,0.910955580509127,2
906,0.8907744391884076,0.000765601389288131,0.1084599594223042,1
907,0.0608644027788645,9.841564346811263e-05,0.9390371815776675,0
908,0.9966588850705311,0.0017964102069775892,0.001544704722491193,0
909,0.7500892009774753,0.0009806768898443345,0.2489301221326803,1
910,0.2017621266964412,0.0002673664379706143,0.7979705068655881,0
911,0.1562931997175863,0.00021517853956834455,0.8434916217428453,2
912,0.9896709860696544,0.0013773829298106483,0.008951631000534947,0
913,0.8454715752366626,0.0012806322298159472,0.1532477925335214,1
914,0.8119851419679298,0.0015225816547817773,0.18649227637728852,1
915,0.7948487014724143,0.000770070652997482,0.20438122787458834,0
916,0.6261350143202482,0.0007946920160781587,0.37307029366367367,0
917,0.19950905872875135,0.00015906031210009133,0.8003318809591485,0
918,0.978227190127689,0.0011245765803646166,0.020648233291946313,2
919,0.1326332236344643,0.0003007823041831258,0.8670659940613524,2
920,0.9972261351640438,0.0016709988737743508,0.0011028659621818279,2
921,0.509227749606129,0.0004005820940541944,0.4903716682998167,0
922,0.39894530952015905,0.0003624990831131661,0.6006921913967278,0
923,0.09920073343269144,0.0001560065537817386,0.9006432600135268,2
924,0.998215665165657,0.0008637455179430217,0.00092058931640016,2
925,0.9981184169765099,0.0018650451141967073,1.6537909293472065e-05,2
926,0.9982797691615123,0.0017119158260688015,8.315012418755053e-06,2
927,0.25135086049711,0.0002442811029084329,0.7484048583999815,0
928,0.6567060665691214,0.0011053896574016381,0.34218854377347685,1
929,0.07780256669089831,0.0003665494766969088,0.9218308838324047,2
930,0.4952145356775941,0.0015485432559858825,0.5032369210664199,2
931,0.8624909325717569,0.0014923237193658267,0.13601674370887729,1
932,0.3573306550553827,0.00031187766434375786,0.6423574672802735,1
933,0.9572044195261467,0.0015906749502446003,0.04120490552360879,2
934,0.3815921013801087,0.0007417187489017504,0.6176661798709895,2
935,0.0443700938797026,4.336229608079873e-05,0.9555865438242166,1
936,0.9291234327507292,0.0021683180251286143,0.0687082492241423,2
937,0.9722148900886316,0.00205107821643657,0.025734031694931755,0
938,0.9983318650054598,0.0010678338781958758,0.0006003011163441543,0
939,0.99806823584337,0.0015032376514240342,0.0004285265052059356,2
940,0.1866215450503419,0.00017533665120975247,0.8132031182984483,0
941,0.45580582743337666,0.0005051070608753462,0.543689065505748,0
942,0.41897261395108154,0.0006929548316171006,0.5803344312173013,1
943,0.9629853392930315,0.0024518271194237727,0.03456283358754452,2
944,0.1258713594102551,0.00010410233679617766,0.8740245382529487,1
945,0.9984170620096162,0.0011601025363170466,0.0004228354540666995,2
946,0.9981955915968812,0.0013060763055236426,0.0004983320975951365,2
947,0.2910091827248019,0.0005258499501899313,0.7084649673250081,1
948,0.2975984456612955,0.0003223578321276018,0.7020791965065768,2
949,0.9969392362724693,0.0009416260867978465,0.002119137640732763,2
950,0.8519842087227099,0.0010895081246244957,0.1469262831526656,2
951,0.997917810685506,0.0013744173955922688,0.0007077719189017066,0
952,0.19716399460187653,0.00042670198076600826,0.8024093034173574,0
953,0.9987102050321205,0.001004851871670639,0.0002849430962089355,2
954,0.5878226972821462,0.0007746522245317641,0.4114026504933221,1
955,0.30481665232759914,0.00043885802774693277,0.6947444896446539,2
956,0.9928118342984712,0.0022368806440088342,0.004951285057519861,1
957,0.9990988310698308,0.0009007216718687017,4.4725830044823435e-07,2
958,0.20822394280197307,0.00028691813822571006,0.7914891390598012,0
959,0.9987529563267136,0.0008054714349901229,0.00044157223829614176,0
960,0.9917893758305341,0.0020510078237264543,0.0061596163457396155,2
961,0.9933541713540851,0.0012049594995106213,0.005440869146404287,1
962,0.7906322919338484,0.0010810057867976538,0.20828670227935397,0
963,0.97032778369296,0.001407081378921007,0.02826513492811893,2
964,0.9290878631070625,0.0013845690116292269,0.06952756788130818,1
965,0.9988751417259387,0.0009725025265456071,0.00015235574751569188,0
966,0.8063849568492976,0.000704233433558821,0.1929108097171436,1
967,0.9962556673544116,0.002276249581290562,0.0014680830642978457,1
968,0.9191635803764813,0.001120027295835953,0.07971639232768285,0
969,0.9628399973301761,0.0022652433763523973,0.03489475929347142,2
970,0.9826011335536179,0.0009864527815686317,0.016412413664813514,1
971,0.8204079712371042,0.0009284049764542901,0.1786636237864415,0
972,0.5172009634611807,0.0012611331859310228,0.48153790335288815,1
973,0.811269385348969,0.0009314400399365735,0.18779917461109444,1
974,0.6707126207096865,0.000970782979923768,0.3283165963103898,1
975,0.9499660046142366,0.0008735252224292189,0.0491604701633342,1
976,0.997933178651422,0.0013208093195275466,0.000746012029050453,2
977,0.9986775585659922,0.0008443530783700421,0.00047808835563786583,1
978,0.9929001484903697,0.0018582853926072747,0.005241566117023109,1
979,0.2028218315052376,0.0002241040410626715,0.7969540644536997,0
980,0.9991286328586703,0.0008561687993044582,1.5198342025375758e-05,0
981,0.27369609655914895,0.0006164750526273251,0.7256874283882238,0
982,0.9984517668490753,0.001341705086296523,0.00020652806462810388,2
983,0.9986420813365287,0.001163827838581993,0.0001940908248894012,2
984,0.9991474609180496,0.0008355161220431163,1.7022959907099314e-05,0
985,0.683210946986408,0.0008548485002039958,0.31593420451338783,2
986,0.3187221902130559,0.00023147786522452512,0.6810463319217195,2
987,0.04876535912654785,0.0001197673787468301,0.9511148734947051,2
988,0.7051725942364512,0.0018290555207379517,0.29299835024281096,1
989,0.9888587006922036,0.001232239817287809,0.009909059490508638,0
990,0.9981971676591266,0.0009608302219069973,0.0008420021189665034,2
991,0.7430416628218256,0.0015136897084420179,0.25544464746973244,1
992,0.9990939013479188,0.0008322746242695651,7.382402781162264e-05,0
993,0.9990452797317965,0.0009233283959649909,3.1391872238576774e-05,2
994,0.9971418711093493,0.0021345732270876172,0.0007235556635632257,1
995,0.1903156060117308,0.000409407066050215,0.809274986922219,0
996,0.6255865139179582,0.0006745612487947946,0.37373892483324705,1
997,0.995189764070356,0.00187153792313335,0.002938698006510837,2
998,0.9981504879558414,0.0018493293796315665,1.826645272833782e-07,0
999,0.5431336959033931,0.0004626771443422008,0.4564036269522647,0
