0.07957507439436518	0.27599749003886126	0.4855273786118215	-0.20675857396158467	0.1115643857137179	0.3476366782793575	-0.18472643416899048	0.3481317927785985	-0.3090681197868122	0.41138068275122486	-0.14727856548291318	-0.08386142778440758	0.2142382714583836	0.11689231583336353	0.021547892014918538	-0.07949099655592451	0.42000624070003384	-0.29270300393875504	0.8279844760552698	0.10061960703843839	0.13548922294807791	0.34262955053186034	0.43597193045417537	-0.2204287895147579	-0.06160933701342239	0.28719404796882214	0.3588987837983425	-0.18948640022359126	-0.4952822826930825	0.34962676533193476	0.39539400962150534	0.39583635183454824	0.2810331597130098	-0.07412341673899779	-0.12079781841533943	-0.1285756292384977	0.3061852576957935	0.7118973901671313	0.4804006393943688	-0.024085764212968083	0.04962309867114492	0.12848030313062656	-0.07077323583883247	0.1988377072870153	0.06655287290671014	0.12966058405908062	0.3644189970655759	0.37137688455812057	0.2999134838338269	0.4046762214430495	0.6325276789371844	0.5102163945612159	0.4352333672469108	0.1376544367354265	0.7503450107384889	0.18175590207481762	0.1920534672896541	0.2923560939529112	0.4519996702853025	0.20304514283739633	0.3316502493584549	0.5106262585489052	0.6611486409465928	-0.3560564622345864
-0.2038647070926886	0.19399047499782185	0.6380340299716687	-0.048396381220491225	0.19157759028352933	0.37395650171434347	-0.1613997982402327	0.249679502207783	-0.32134114344961234	0.66240789033592	-0.3200005241987148	-0.17333725241358497	0.3313408707849852	0.026312852642225826	0.06754821622876186	-0.09544086683780334	0.43880753164904784	-0.13943437449099771	0.7479724212214569	0.1918738790262495	-0.025788176591645146	0.09313950058585851	0.4421914681586437	0.052297765069784966	0.052083495469437885	0.1685749349291947	0.2892177520904424	-0.2958931322573841	-0.5505633177339326	0.30698086164994715	0.6522868510973322	0.31808967687786277	0.34430388839337744	-0.010246942882397678	0.12531380853373625	-0.13905259212339505	0.3230404281765597	0.47775540866938704	0.25010434846879953	-0.10557276396303016	0.0394762172545185	0.04969680479890851	-0.17081739250154948	-0.008238676546642981	0.03107797735115378	0.04599408504364056	0.32167504757925414	0.44768154800435334	0.4268611300218356	0.39899408066266573	0.40835402590335074	0.6557494271783335	0.4291297217614418	0.3435917367409167	0.5699561014162826	0.3029996028955296	0.3081529511035219	0.13682904849884894	0.43040269031772566	0.25675826867441587	0.31060082641454717	0.5075648940691555	0.6186224130838761	-0.3044807195000826
-0.1505306064360918	0.1730355083249674	0.5673126641014521	0.30489670316500606	0.08349593670233685	0.5160018279567415	-0.1699941464459231	0.29537799069550275	-0.10941120128650828	0.555182672006338	-0.44496536279234444	-0.4054056772025356	0.3994457993747193	-0.05278486905187485	0.05624865684501724	-0.12794686296589858	0.42292045216444446	-0.07827279110068357	0.7644535730003889	0.42455108152323723	-0.10671637580886814	0.14307116424009442	0.42839542846490775	0.33055643889216424	0.037417826057904224	0.1581268054913019	0.23325228993742703	-0.427305056050054	-0.26058257897142634	0.12360220977564523	0.8237706831351729	0.15871480907685942	0.2712647297473398	0.2803577080247027	0.26276687368359997	-0.09850058186763944	0.3173797804577006	0.06643909288773428	0.14520325197315348	-0.2838232237743027	-0.021773224438974774	0.0956874322580653	-0.1598287804060713	-0.06388161001559108	-0.030278667011782723	0.24648453547225263	0.1974534279691439	0.3952738813242669	0.24474736166180613	0.3446550225499452	0.22025483092579404	0.3153859635896069	0.2950227627618457	0.09881702294394838	0.26978374792473697	0.5247880541029367	0.45042389051024867	0.1534980284101745	0.5119783630804635	0.23646905446943606	0.43115366660910837	0.5961249277589244	0.5711183439940014	-0.19859272840410985
-0.1773751581173817	0.15569871651700978	0.5739184221945977	0.33928516787916235	0.10346468841127546	0.5072448922325539	-0.15121265935879108	0.24799243384516573	-0.06496564854951342	0.576196002342291	-0.4427984896065792	-0.4223248696060989	0.39579908071974573	-0.0490437018760686	0.07529943565302231	-0.10631806020928788	0.40962064740640725	-0.025432947173986087	0.7256026890039479	0.45397554966650955	-0.10772494371450786	0.11466484912091965	0.44095952362816854	0.4136317284133302	0.0794082942234966	0.13073588438197456	0.19841429981026498	-0.42675852868505937	-0.21603253883892262	0.11761806072520818	0.8370533989561804	0.14211388374681705	0.29534832203387107	0.3129277131447973	0.31834542684786815	-0.07759128107606689	0.32043978425844294	0.018848408887666646	0.10788075428842442	-0.30215925300470275	-0.012426589550872578	0.058843831592222055	-0.16558931586682646	-0.08655591049682457	-0.030003154470801194	0.21832085089948383	0.20094855752709673	0.40128847256014244	0.28372913154746676	0.31499835818028904	0.17107382505495602	0.33260954032559154	0.29811595386510925	0.1315227135563568	0.2486194086009587	0.5487897090622731	0.4602288270575363	0.12097564139765801	0.46909671428425764	0.24974408657264338	0.4223368712851977	0.6015208555142226	0.5628262663983068	-0.17216618429028197
-0.17004499369147458	0.1378235614644249	0.5517749423565436	0.33537771880786255	0.0783341917039104	0.5280182698674057	-0.1452611744481221	0.26018070082695033	-0.04223359696906165	0.5514798320154195	-0.4282183369051229	-0.4199107751769023	0.3973935932957841	-0.08927547878940131	0.0699581498523476	-0.1198474335973625	0.42130252775740024	-0.08133998797061322	0.7376098988345193	0.46059812579929194	-0.10403089637471069	0.12641941026198145	0.4240348189251243	0.4178608767177413	0.07797364913569592	0.14828510175262535	0.19285907456806112	-0.43853687761051297	-0.21576980180381092	0.11336807399327578	0.810292430835643	0.1377853764923807	0.28928548912978896	0.3109873877588226	0.28005894574952706	-0.07900894630074398	0.32553930497880135	0.0007127108209563915	0.11161962842400572	-0.3135656204171142	-0.018519661218567053	0.07120185174723574	-0.1594971456752238	-0.0906785396439295	-0.01226254383384967	0.252776467573566	0.18988790875047468	0.39158386198790307	0.24341154546655247	0.3040718639937444	0.2006242472206908	0.2906233752976459	0.2934489421428894	0.10315294160223468	0.2659061380499454	0.5645924624232788	0.4643673709666618	0.1363847071065024	0.4884740956825928	0.263895313142734	0.4148569151092601	0.6180871979461862	0.5669454801693522	-0.17433031352428202
-0.06542408121744106	0.1730075701663091	0.6707389325244346	0.3365406718244865	-0.015596172186054483	0.48746097033913127	-0.19821230743583834	0.3015499720877865	-0.1242709157590258	0.4423881748816295	-0.3430842587854184	-0.3901829899607461	0.3466733447070587	-0.03419189829488936	0.09652728269650107	-0.1970629568362637	0.4782816541446963	-0.22253761447964143	0.7590045123403848	0.29386240340441366	-0.06630729050364195	0.27769068577970446	0.3836873555517201	0.3200811867477921	0.03306836732107385	0.2126041734455903	0.13157307526926462	-0.41607091682006014	-0.2787774124858807	0.13985957247342104	0.7548998047681343	0.15396945518125396	0.36667947782728627	0.24394945918640298	0.07884965168910413	-0.07107076045388527	0.3724739414507504	0.13632685608918071	0.19108778910965707	-0.3415043345864215	0.023342979029706497	0.10601489417354269	-0.20686550425460443	-0.04754376693475457	0.06110926398923292	0.37002687714560245	0.15239536916067714	0.48482858596768696	0.037303031839823475	0.2260741073882152	0.2197048586642334	0.12450733551037027	0.29114799659748575	-0.061701448979625914	0.3140052309884233	0.45123341923718063	0.4578234648941339	0.31189120548200694	0.5269616667361592	0.3324727020605379	0.36335720636931507	0.6068155538165632	0.5739391133699379	-0.3006061389202456
-0.12231419809528377	0.11161319883004418	0.6668341477199984	0.40706688318680995	0.003262092382746745	0.47282255432549825	-0.1979288963894516	0.32578216293774875	-0.010164574808680313	0.533676283999363	-0.32353134423186997	-0.38031207747413787	0.35609622823651943	-0.07196931096105003	0.1151830958578544	-0.19262913300991483	0.4565900240341026	-0.14609579885428825	0.7116968506116692	0.38790161747540747	-0.1391311726678757	0.18955628462759963	0.4224711023558727	0.3969539777459777	0.07879438424319488	0.16300011659311672	0.15777428091834766	-0.36700276495671036	-0.22710176167853705	0.13689933328626258	0.7536097822313788	0.08607726125353708	0.3262816589153648	0.31020475830981975	0.15543240987343832	-0.0329075048142099	0.3593872080186101	0.07493591457673576	0.13052356011046487	-0.38170971226491957	0.03288556537217084	0.11130204414744324	-0.2340910213607684	-0.1141887808931262	-0.0007116738586509935	0.32064808830072233	0.18359398501170995	0.4868755523580268	0.13086246906034554	0.23642071588057856	0.17348113553337358	0.2420987664085675	0.29414889302098574	-0.01215124609822106	0.2903533321707782	0.5171049871497555	0.4449957935158322	0.2736263565974282	0.4870563461604941	0.3165955631923859	0.34143850909348405	0.6653122465189556	0.540261464821623	-0.2503591531231878
0.005931082735090076	0.16244468948883012	0.7601940048415792	0.3298005260997964	-0.013053362718412648	0.459378167541009	-0.2222026066179162	0.3303888535548127	0.019972059161386474	0.3992515055068726	-0.2969468550191903	-0.3576374195922783	0.309792230609507	-0.07981905408341308	0.13617133010642068	-0.14998090149471138	0.4331447248403352	-0.21413276649368085	0.7554561288519795	0.3050389760438522	-0.0806041297433644	0.2529575281741834	0.3322649653147783	0.31866483957721514	0.011795821501280002	0.14181034390847078	0.17503125628374164	-0.37331207520505655	-0.22586772104354416	0.1304975722966139	0.609836245982537	0.06611887294463246	0.33375074350198997	0.26248072580950804	0.10856918368308063	-0.06948091906084788	0.30333076508227863	0.17792644342122346	0.18997472521513278	-0.4665563339701988	-0.005624305429921872	0.14787597024782842	-0.25010834733068216	-0.06403635525491307	-0.002651352754408365	0.3096123112406407	0.19335172745683574	0.49300861507269556	0.06422990568049604	0.25063779987391754	0.2544221924032209	0.1653795172771724	0.244954907205297	-0.08570772234972718	0.43013771359794295	0.5163179767541306	0.4804427893236273	0.3204074226692282	0.4850153433971064	0.3148441244305732	0.34573231354104794	0.6595509448570949	0.6081341853182071	-0.35662833970014707
-0.05411359396561137	0.12564329502062754	0.7740722845069059	0.3103624103066304	0.015643319803874692	0.4571829873020186	-0.2080552454465262	0.28771139300523096	0.04636183352901145	0.44640990732907715	-0.32709465889173484	-0.3595815803958168	0.327267743887762	-0.10077293009919411	0.14128501210283598	-0.16709891659915577	0.4287980745224316	-0.18163120375744957	0.748547613149262	0.34576785211794586	-0.10146023958752401	0.18915322185197853	0.32221767918505556	0.34764113318049933	0.02107824421086947	0.10125655828976692	0.1757381196913313	-0.3706703705301625	-0.21244296920958486	0.12267524729907692	0.6043911184763515	0.06366879213079062	0.33234564738921846	0.2855494513552199	0.1766252493240648	-0.0593471207623002	0.286143748821671	0.12475482292061067	0.17255538275892607	-0.4368128015643886	-0.04699286001095195	0.1441759958950594	-0.24259409401212823	-0.10396256400302595	-0.024288423795337993	0.27665759140214646	0.16460695050407387	0.48234603514942276	0.08245744669277888	0.27743659843154134	0.2787971046776733	0.14830622656981565	0.2704417816072355	-0.04176555617381779	0.44625500122407796	0.5065108050045285	0.5192898122702905	0.2323692379714086	0.4747773670831597	0.3151762866369358	0.31364499359321435	0.6392865388601355	0.6443241431833382	-0.31886863885891714
0.009322148809864851	0.20216970987356825	0.7629642825879648	0.29489779170071295	-0.11386902975225974	0.4528862125472004	-0.270112530992503	0.3526193318718085	-0.024737781576017026	0.3956674610638271	-0.17290178612202237	-0.3402252498999019	0.3154690114043061	0.03702343341149143	0.11753040525840956	-0.169435403392768	0.4481357952975895	-0.25563933035958664	0.7390911942299968	0.19241809196999604	-0.09738815928667566	0.39276405395867275	0.30878678514592184	0.25320201701796247	-0.024432866082145704	0.22569727989505112	0.16552191239356448	-0.36329589415975594	-0.3050865377829678	0.23853304628029365	0.6139981101380704	0.26623634238109206	0.4556968662062345	0.25610747132401884	-0.03665743379057054	-0.021558666652489594	0.4034471766241905	0.31240702806420895	0.22100778772030094	-0.3868903920796249	0.012820605808327324	0.18180590946786127	-0.2426291001886078	-0.0019215974162316851	0.06184292560210024	0.4361831176827268	0.11780038927043533	0.6382845483935919	-0.03861341367116214	0.1889955832798267	0.24671368862490106	0.07920424314476884	0.3255212988781078	-0.15468930795177413	0.3464577731195373	0.36084590376642167	0.3760225812389707	0.29678747854665305	0.44381621350961464	0.3251052886446905	0.34845888698477234	0.585817987770219	0.553103129915398	-0.3895209032795566
-0.28034127930536656	0.12847606483094412	0.7194616883079056	0.27651530102269356	0.06612751774185546	0.4017589804073516	-0.10231961176733372	0.2704309717393072	0.0461979661956822	0.7963262447155061	-0.38812220463446295	-0.30380625321364585	0.26067424639575393	-0.0026519728213488247	0.1858723853305484	-0.17151282474253574	0.36084862637232795	0.008140904542829813	0.6417652399604279	0.47132687340335216	-0.22454669634916619	0.1765258049849286	0.4567654897238302	0.33985153559901277	0.10285053339504474	0.12094631536212858	0.15688807964487408	-0.37501369556220593	-0.1643097168178077	0.06861695420479383	0.696558470484289	0.04185995100269213	0.3326468041373257	0.2520075698371426	0.32229623869281	-0.0034141613656592795	0.36442671211373606	0.08708239200137902	0.1446980683156548	-0.33773039962290485	0.03299629142053423	0.05439737543517393	-0.19645622126065485	-0.21843343268979923	0.029813791740135105	0.1894992634275876	0.17647467722854676	0.5477661256224666	0.340552836826055	0.23098826744457912	0.1789030246295398	0.3987373455105226	0.38566073416552343	0.21247374126156757	0.3551573281755872	0.4506250631426466	0.39601904796782844	0.221708639823958	0.4035349355847829	0.2810484607199831	0.30117086252400393	0.6075338036587163	0.5812244336799945	-0.285215138045679
0.004569402723487784	0.2453469491023625	0.7173942790073622	0.23756724133210755	-0.08406975802630623	0.3944246147770355	-0.24665814605013414	0.4041237747624874	-0.07140668598590741	0.34666631246292673	-0.1445257812517135	-0.22119429143467512	0.21565838848163915	0.06801674885228792	0.15368875213344013	-0.25703036197133045	0.4188817650847154	-0.2867418213984261	0.6777971913793364	0.12427982252318648	-0.06565092505280459	0.5052855532951256	0.28211389180113533	0.10698315334991784	-0.07015929110633945	0.26548888123218817	0.10340698012443718	-0.31398481302573644	-0.32546847064032747	0.14586890987878134	0.44599968124140077	0.10111855563326388	0.4587939682149039	0.1980465076481142	-0.11562926715236024	0.016647956928851113	0.40955768432933337	0.2894100466876402	0.3202902417616451	-0.2605854552853103	0.08428953560672589	0.19663267786877903	-0.23968062578307917	-0.017332414159758877	0.09658152051442473	0.41901196823866327	0.06547832338428043	0.6138706972885141	-0.10403070108645987	0.11223456084979756	0.2748642486794604	0.0023206688304544393	0.3420350337225821	-0.27403718084261347	0.5002893959635547	0.2894039767605857	0.3851980851836857	0.5021259222682458	0.4933866376914069	0.33649404814810185	0.25385112639454516	0.5650644865211	0.5009430294862505	-0.45659281045694666
-0.11681814634112136	0.12531280803724934	0.4850904019371486	0.5155629214663383	0.06950897035866216	0.49441024930157734	-0.0077080043001772555	0.34150129872586804	0.11624060965642771	0.781838970012708	-0.32464031935429505	-0.18436002674901478	0.5311012678524618	0.0764154389970869	0.06273375981704664	-0.043395723412543954	0.40268781223131644	-0.0676683304441175	0.5653537968824137	0.3476338384344014	-0.03977670555134338	0.24023499125037853	0.6968705362177215	0.5269655617593163	-0.1045890318606256	0.24277601574774443	0.299305632892083	-0.09160469075695024	-0.13693194012776053	0.33383455114663835	0.8978151336342011	0.34793098984592985	0.36404039695385537	0.5587668989262315	0.13887086628725137	0.1687971612109108	0.33477082576449607	-0.030005182700718974	0.013731038339624305	-0.22123337439881482	0.14172220819170597	0.389175746939194	-0.18613843554944795	-0.012348578579251604	-0.09753959161535357	0.24777001005853283	0.10409459128371869	0.7370180282629116	0.1566139324555741	0.1376213332335068	0.027504839264305803	0.40552723474829605	0.22015470876911325	0.030254190187069596	0.2858550109463858	0.2960364437221456	0.26929395007998563	0.30750986573829964	0.3061598270408199	0.28039643442966145	0.2956403816506789	0.5481858644270989	0.4765517431857367	-0.16174051971294479
-0.1357042286577202	0.01150750125826111	-0.04711163284366415	0.23502823338145143	0.39745486703976274	0.2940665076852984	0.1706653473542296	0.007260309530704369	0.5322418133272222	0.5131749660033783	-0.22650658821634706	-0.15869862451316977	0.4388738821922351	0.009183032198447794	0.06787002382338939	0.10917950883096696	0.3325885670933371	0.4323351846493736	0.2867985685016346	0.7369611582953671	-0.06638399148516907	-0.17319642818383718	0.3719786930112414	0.5353860508301902	0.28514976309232654	-0.06526600269438813	0.24570531526898887	-0.2065389390608576	0.3126680604046594	0.2749065210930797	0.5545317970468279	0.14635310022955705	-0.1286176727444866	0.17549651527296817	0.7793795264950407	0.15072832860043978	0.10069859318878077	-0.06974641814897758	-0.15180950382302502	0.010052905503055681	-0.06200969307677935	-0.08708529739530885	0.2390913536515129	-0.0248344134472451	-0.06881642971141305	-0.20179843126053254	0.27806951915700157	0.06626719306398243	0.7474785559258498	0.28077911741332984	0.18854096369406861	0.6585208950848632	0.41896615103027196	0.587126420670549	0.4320703277111957	0.7312565959771327	0.3149696991881501	-0.2659008105534283	0.15824496847853922	0.12940676506350024	0.1912971052751194	0.5306564478057432	0.18826654232914572	0.43359540151551634
-0.11801018805236202	0.014908402805915003	-0.12859548285618286	0.20418167272001136	0.41905996714073473	0.24424347004450106	0.21057544350145757	-0.06355962211134511	0.575649829320562	0.45652841888069307	-0.15745705467799292	-0.08779716294583206	0.44350814581617837	0.03373122578843703	0.05254899758539752	0.16138454762944085	0.3058420136951848	0.4517341246794886	0.21913566177851987	0.7144423912927926	-0.04115377253501068	-0.16435857884759525	0.3131204736472275	0.5437655911552222	0.31128747619346503	-0.0806809942011354	0.24879433712714677	-0.13023913980215895	0.3857015280616848	0.27953752925492115	0.4921287283554603	0.16327018661279422	-0.10917995512965575	0.170944280420315	0.7813664695965423	0.15463587061589423	0.07219821195061905	-0.04618744622563281	-0.15762427002625634	0.0642495114281197	-0.06240326094543301	-0.09070033215566628	0.28761681345180695	-0.025227055061103495	-0.05483034379196776	-0.20458109151442105	0.2747995228102261	0.03443557753845314	0.7638395736474834	0.2664475139614116	0.20678048787244285	0.6701928504732466	0.3975715896687562	0.6134399200369297	0.4265022888013628	0.7176242324706662	0.2557097106861278	-0.2936889046553296	0.08674182160847618	0.1308287787988239	0.17458017567824552	0.5099276257233819	0.16550504475989028	0.46561060222017064
-0.13297914498419827	0.02782662794188248	-0.1162591421596151	0.2219190052210338	0.43289563760645616	0.2248865795339291	0.20073466018263786	-0.07283678772995981	0.5925765412617038	0.4384358174435432	-0.16620305728076645	-0.07494167347646666	0.4440075143322459	0.05484364989488279	0.04121451152982261	0.17773685290337748	0.28719376510781947	0.44984419130053666	0.18966592146404332	0.7082993981787655	-0.053511154746632206	-0.16749691756250829	0.30494051991097326	0.5557472440853721	0.31120322352085616	-0.10180083275984099	0.2325303469315828	-0.1228010999229456	0.41628154065492706	0.2691352931099017	0.49503492742355304	0.16528889425779283	-0.09787060987598803	0.1872747885863421	0.7864329950229738	0.14004350828136317	0.03711724874269379	-0.02098291208379055	-0.1606873060864098	0.06134155042612417	-0.05953874786136553	-0.07954387755069836	0.28206899262511126	-0.043426873457534626	-0.06321361015814504	-0.2034631171262608	0.2680914874791508	0.025470521430594487	0.7721053502224963	0.265231134614243	0.20402245392786267	0.6546114361855047	0.3885429844600463	0.6106945806393569	0.4144972071768968	0.7108695862908254	0.2507129797921594	-0.2651565086556182	0.08095528141369808	0.1312739676562793	0.17927730339120743	0.5113271590139856	0.17062005935718638	0.4576510858935544
-0.17391788463555932	0.09921137726592674	0.07030845219128748	0.2586815148934142	0.34201591586073554	0.2932510227877112	0.141597981087334	-0.036719322263306466	0.4882156410396219	0.6773119285537939	-0.28423945129197414	-0.18344616184599594	0.4466774299029067	-0.011064266879982493	0.015642449294923533	0.14558689388256724	0.23476491267794963	0.41724044616091427	0.31264282235462243	0.7472909700894272	-0.09098579865262416	-0.14004879805559062	0.3535568299271684	0.5437344933794935	0.28399594442209075	-0.13290054356567588	0.23886713158183942	-0.12723338211551233	0.2816456612087676	0.2159125896322333	0.651262711841766	0.20431855976081104	0.027408010286598165	0.27710614300572567	0.8059871498068809	0.09151244071590763	0.1334463215356142	-0.0505785469686901	-0.13082518567367196	-0.029006989636078354	-0.09737354180553845	0.043663459254915625	0.19535672218198896	-0.05133351044902308	-0.1276832614731908	-0.17038864723567398	0.1924366632492709	0.15243735987977802	0.7303287060767473	0.2826305176920472	0.15716459958481824	0.6691107078222049	0.2953601331710618	0.5509584482927806	0.3280944793403201	0.6506654766334193	0.2590381892368199	-0.21911970335118022	0.1261189103727142	0.11913327909117638	0.2949084556012178	0.514592331840716	0.34333640876644794	0.33848300879985505
0.027293849132951985	0.15124642729428311	-0.27518388362935786	0.030058339151379253	0.3015064748885221	-0.08117121135840079	0.38215933739413604	-0.31803925839272196	0.6704774324510996	0.29670521049012627	0.21251697170775175	0.2400258081669192	0.38425020381477454	0.23744783584179086	-0.012744057055476283	0.22678622935522136	0.15423436233870952	0.4907285044586021	0.01072799467993163	0.5944605676922841	0.15512752643647637	-0.09033882459711048	0.03599934518607235	0.40735990188337556	0.46066357815297554	-0.2712659798113847	0.15482656649890672	0.17532919821458093	0.4243275415081049	0.28359175134624365	0.20678865198793028	0.18159147688617044	-0.09275652252759257	0.042257217415592074	0.685960328127061	0.2659913731454211	0.08747954952446073	0.24233129263859862	-0.14449978551453851	0.43146671665760944	0.030431268190156065	0.00475897481920582	0.38738120060779524	0.12027763194279475	-0.021401573441868438	-0.32067916140731023	0.16148745589869007	-0.008253426528530117	0.7336022859218081	0.15558267433318135	0.19659546595526184	0.8096149489913396	0.30590512628191546	0.5463466931048087	0.4631750497016665	0.5243372383648669	0.2101350755218347	-0.15506969576180046	-0.06219686980356333	0.15900961048008794	0.027938514800381987	0.3987718003892243	-0.04404954341485054	0.5600392059407268
-0.10824785431853778	0.061915358063061435	-0.16934554098747512	0.2218099724747434	0.43112632089703484	0.1935505583420544	0.1864405322142002	-0.17358646206174863	0.6149944466081538	0.5942261809356477	0.04557308037768313	0.032423313263632694	0.3523903763900161	0.10425925389194507	-0.05192828417230953	0.11526293274807445	0.19375398791431095	0.3952629919766275	0.1930482571909677	0.7475345614901399	-0.020808718181291083	-0.12384946591092463	0.32294767180903283	0.4781835761967641	0.37045120121146996	-0.19246243411672642	0.1340804940553865	-0.08385778663524648	0.34517537253051206	0.23535670087182714	0.37389801029303277	0.026117938734848897	-0.19046598423971922	0.1788075169833746	0.7406469957847195	0.15766192007963345	0.12201551330958037	-0.024747234063856455	-0.07902236495638716	0.23687329820396796	0.033811185377241176	-0.07917279727581597	0.23575275978846513	0.015263494320511037	-0.02099664637097387	-0.40330860901495036	0.3007086792731936	0.07222220752792022	0.6783879994334737	0.21295011179890583	0.15968970985253536	0.7439321641264678	0.30437719342825587	0.5013393642829489	0.43404231145110184	0.6196233114645798	0.3847388068538692	-0.2475483787892858	0.16388905518245173	0.16596391978107125	0.0676522470790562	0.48854266222927123	0.04001069066201418	0.5495463013341021
-0.14839714891555525	0.02659455788262527	-0.10549370027497595	0.22953655545649107	0.4496179592463384	0.1962606692995325	0.16560021567770272	-0.07471546380551666	0.5707707595735659	0.6655872401398713	0.00013555571690108958	-6.35151053301126e-05	0.4906233674512368	0.13484882496681722	0.031164634089062487	0.15507028867838826	0.19631606641124122	0.4258575986591813	0.17849438052966893	0.7562207633146909	-0.03148337439365824	-0.13845575585381453	0.3354669654217415	0.5513424250723065	0.36001607133383684	-0.10835447759153763	0.2478162141393211	-0.017450104118493875	0.40041937337961625	0.2394364642917855	0.49868258555864864	0.1274149470306531	-0.11027742280834038	0.3040683376167118	0.7067495282568503	0.1981787582744506	0.1011904392864009	-0.1247676429077294	-0.17261451889968382	0.15152084106878635	-0.02660186342083904	-0.029863480072860493	0.2559561777425468	0.03802067688662275	-0.04074313885909106	-0.29764245754721075	0.25339509439057695	0.10452728140845526	0.666835092567356	0.26074163272648937	0.0953742278376192	0.6753253261056955	0.367768003619537	0.6234819521594945	0.35434994772642814	0.5672467000522669	0.2547341471129273	-0.28113542853499995	0.04854438464532091	0.14240546060593487	0.17047862244920614	0.5184634227805989	0.14581917490844826	0.47482416932971205
-0.10748979777463093	0.08351269214725075	-0.19363668572648784	0.203528657915733	0.4887161196920031	0.10837148806934616	0.2901851572645872	-0.17667745480559133	0.5798854479484862	0.530601332557075	-0.03110160641643906	-0.025504235393260202	0.5355346138367199	0.1283993335071028	0.06072981506111127	0.18760653463903582	0.26967178560761046	0.5869026105109093	0.07405090425564442	0.6712237690373641	0.030970416515700552	0.015337888826355534	0.21319848942039918	0.552941163358915	0.39625086110480545	-0.14291653294624418	0.18135320181027612	-0.05000138904502105	0.44387190986384173	0.36074233564914043	0.4950221552895331	0.1458373178894824	-0.0889528510812753	0.18919589598160153	0.7812583772422603	0.29115193505182085	0.11904565191769804	-0.03928840357376945	-0.25329040148581844	0.18777687697969075	-0.034964343310556575	-0.04299465533501716	0.3239332560573004	0.07075002228269811	0.0008950017876482308	-0.34409653360927966	0.19765201835442073	0.048924556877591965	0.7142962506613861	0.12407103249597362	0.109173309388715	0.646545536643049	0.3910209622046218	0.6331805097811406	0.4345564115986332	0.555302508450459	0.24377123478265814	-0.2555249474383877	0.04459190787171061	0.1540254507005165	0.12349850631944999	0.5011854013112138	0.011147298606077286	0.5370187939263269
-0.01358572405818649	0.13320687394539032	-0.3185434085598836	0.17087836568979187	0.4807716283668251	0.0013530980411168153	0.3669250225068079	-0.18710918742147264	0.6581978286612289	0.4116481609507614	0.053935454294926716	0.07516284924998491	0.5236882594584056	0.17626319958212486	0.031072798622259482	0.1778164302145817	0.2403617104571385	0.610799872641484	0.02015428482120704	0.6599652857841252	0.08533730833025491	0.1006397826196272	0.1426032270109455	0.48163955040004974	0.3429674407675182	-0.16815005316344594	0.14995703738218205	0.03435281257447509	0.5337163634662334	0.4593965338073873	0.3782750749260265	0.17277279231190595	-0.13768975582478332	0.14207937163882356	0.7565307603944391	0.3657322262365632	0.07038155239318131	0.07399878094966195	-0.24177108604752687	0.259971374906823	-0.04140979256406768	0.017315807147303228	0.3772463522769308	0.1817907415683391	0.0020323432734617314	-0.37738134070023893	0.14529311831623895	0.03567938567496588	0.7190996067054807	0.046483721854256005	0.14662731545465535	0.6215720000617208	0.37527409456521627	0.5628047005126444	0.522614513899319	0.49218527731458717	0.18396607570616305	-0.24057780265108472	0.027229373452753017	0.12264656882086808	0.06968461608197737	0.4932151475173728	-0.06094913271301455	0.5923139617861098
0.2074553797298783	0.1906262877954103	-0.5296433180456122	0.10336070988560128	0.37013555953683824	-0.22595794091316138	0.447659140921867	-0.22548403633123512	0.6104659404316531	0.12978221650811328	0.3112256781145595	0.21545704142387326	0.4308973714028972	0.3663021758426744	0.021493058882632567	0.17804036567651513	0.2260154835246496	0.5511278878018279	-0.019373333862682363	0.5550754565568863	0.23372051457170143	0.2576348727908746	0.07009912366141456	0.33245779196679326	0.31781719132323827	-0.16193421286562476	0.04820694985355775	0.18865799764880178	0.5628264295156136	0.45823039585216807	0.2247800946045553	0.23083331306207056	-0.1490810801753154	0.07989357235434069	0.5872864981496454	0.45936021297400564	0.10441173422647737	0.305147411535746	-0.1845549119655684	0.40884764321192113	0.004868511249109069	0.06864156650987428	0.47470060509192313	0.4063384838768573	0.05506790022521387	-0.3150311877535092	0.12125351531812065	-0.06595201332420741	0.6383004912955516	0.023752581121433372	0.1569954108132944	0.5620156880729179	0.43216806320577367	0.5176234379526171	0.5943064903134813	0.3475596549943351	0.12885673134899722	-0.07882968961725981	-0.10605807187746216	0.13599152271660608	-0.060947707730133985	0.3902621076317659	-0.17101850861362441	0.7066163271387749
0.2408743443589303	0.2384411569982676	-0.5211679267668717	0.10496356356764414	0.3814524616338677	-0.226351597276825	0.4522506187125205	-0.2618638892121209	0.5987335848996231	0.054502920437577526	0.3357159935056867	0.23975597159289463	0.4464579108208681	0.38678971091736775	0.010910728879173524	0.2009838965870135	0.23610150627028725	0.5312696905844096	-0.012003418028925156	0.522102154564559	0.27957633147973393	0.271826958837577	0.01670466463458664	0.3075641035200564	0.32767670066579957	-0.15851080609265406	0.040006544660837924	0.18220212898106303	0.5474415710420595	0.43679808458395203	0.22544017016534817	0.2464342798922827	-0.15014795415398788	0.06516936868360333	0.5857979885247251	0.44872312917516993	0.07365074087849552	0.3193410362902993	-0.1673249442361216	0.450050388039694	0.015625551721763088	0.05899449133247382	0.4957270076633271	0.44141329463955375	0.07537496649041053	-0.2884056400696445	0.11982059593429258	-0.0903932102346118	0.6096722342414996	0.03123350961701551	0.1634723285060414	0.5445397000295429	0.4257760174937722	0.5554436291612949	0.6072435310705242	0.34057859007182417	0.16691164606158787	-0.07266820642550173	-0.12181624869220586	0.14536752166581557	-0.07701297103055901	0.37868917890677634	-0.17799778255484636	0.6716846539088903
-0.1684226415872129	0.06799959286444378	-0.07592960408999458	0.28020143931422503	0.3271146557720019	0.13609878332934044	0.2153589406839454	-0.13001663844931372	0.5619986102550529	0.5967707533301942	-0.10132862987489971	-0.06777569831766277	0.47690602429202505	0.11953547208583568	0.054226752066213815	0.14447324831913244	0.21424401591126563	0.504381458701494	0.13797151328836393	0.7418488445685993	-0.043967984950311303	-0.12882685495558102	0.25945495097326865	0.5609229569633831	0.4092089887695095	-0.137017069024372	0.1565271042362645	-0.04125741363886991	0.3366386139766085	0.2378234863003609	0.5406287370830413	0.13776399254393887	0.009392085279974663	0.28657046885841764	0.7354316806001728	0.22674736029538703	0.2222482865842294	-0.04392480809086083	-0.23579967478455321	-0.027162758621180144	-0.07046935521427503	-0.05896515103700148	0.2729465675510997	-0.03346762811801829	-0.053817960706163695	-0.26131290966376947	0.19319204252946842	0.07648134972565272	0.7595785097934296	0.19457782708648302	0.052619298437410145	0.6885183114773181	0.4098782266682828	0.6202951253916219	0.2985448532057293	0.599201300218902	0.21012598053887277	-0.23701852990143862	-0.021648652017104628	0.15497116302262612	0.15507073419814335	0.5030907784733089	0.17147850042130375	0.48479954623093513
-0.06974257658948008	0.14340759594943672	-0.13748704337412754	0.06000738800865186	0.35281762669531247	-0.12179949682320845	0.3613939946825906	-0.2908818943321747	0.5154020992075722	0.3650493773119743	-0.009488849625162978	0.06576807150830888	0.4020552373857118	0.292479279338403	-0.057764519514622116	0.2344482910082489	0.2732147787117002	0.5374448855765576	0.0031542699160374277	0.557918302600874	0.18599852565116765	-0.1402406035080341	0.17206245665077743	0.5138373448054241	0.40072195851488673	-0.2369330803746888	0.12808555414603814	0.13273591451421682	0.5206180425595347	0.27867781149659304	0.44477870589567586	0.16141278348450278	-0.11029526358165082	0.037450033943861726	0.7068313939655446	0.2772687882402681	0.10167007617431935	0.21386976458853468	-0.11371561110847035	0.16191492227257107	-0.1062902708793982	-0.11234162782312454	0.4681411161979132	0.24000038221654438	-0.048870877923373746	-0.324061845155729	0.24486688729703338	0.09584385661242531	0.5914353469340002	0.1866577436941373	0.06251274229842928	0.7391871079755321	0.3647878885332212	0.7006240577265259	0.45635564317084737	0.6038889655741175	0.2937844656865189	-0.3481947703559739	-0.07690287498250126	0.15505296652596529	-0.010227947182582117	0.5344930008036902	0.16109396913121796	0.59241971629193
-0.13428567961458426	0.1255011182540588	-0.15944721860185454	0.1720798561698283	0.35897959433655025	0.0879922477510667	0.32015657575664497	-0.13087515521548027	0.5709743050037376	0.5965746566149077	-0.14485927613455118	-0.05374016426035292	0.5053113354753572	0.12003341394472147	-0.00011123600177463666	0.176583652979268	0.3687685087188301	0.5251278567049318	0.11757468659681755	0.7092977786535654	0.051556573699567176	-0.003673187563574598	0.32726531516245655	0.6142212008409154	0.3747430996502783	-0.16011637102156376	0.11870389354529615	-0.029620528392436746	0.38292220830149104	0.1370708983387416	0.6112586261778875	0.13928301083495004	-0.054018508445658614	0.18482260602754685	0.758409573906391	0.2847316637863079	0.1750027150752388	0.029147018342450065	-0.22718650581414015	0.16190618976736532	0.005860855911512686	-0.06405981177735977	0.322514445354405	-0.033541018966506464	0.0008058678248380469	-0.28650020591069714	0.20914847463004518	0.038823186370988444	0.6964501532073313	0.1630394104093177	0.011967669446616425	0.7988113365034097	0.4194428476360949	0.7205578460086708	0.39687720624569256	0.5932787946549682	0.31920915923124865	-0.035019355972172234	0.036868387966875735	0.2178273086468116	0.16017591560398634	0.5963490013037087	0.07643154871582117	0.5211688350696531
0.6095687007789727	0.39401521374544013	-0.14504485203220682	-0.18101613671256936	0.07727650455368892	-0.37676014403950375	0.3019182989730458	-0.08464103834701217	0.22442503527640784	-0.1649650816713406	0.5530214899487589	0.3823333893886864	0.27578477589207856	0.626080547797411	0.020957102876885257	0.005759863875659592	0.408289586021538	0.028030933090328038	0.14834663871496545	-0.11746757437164304	0.45531169695075824	0.6838151672626411	-0.059620217077462345	-0.1332657939629242	0.0853823106789999	0.08792715428802204	-0.048999286517803886	0.29895382579313046	0.23602994321106918	0.4800851955071853	-0.010623619305546284	0.4403355773089507	0.06171072110373135	-0.15073784909979146	-0.147085579534983	0.45161586329288295	0.19869433466189174	0.8394217617017559	0.20609306390782936	0.5443422411060099	0.14991991021413287	0.26053265771008205	0.41505023652671835	0.6685898870442407	0.3368709259731322	0.045952222548318725	-0.08044773991257481	0.27342280198431296	-0.11148098903426829	-0.1313914370449554	0.17517314699778508	0.2043869391891327	0.42735037605533965	0.010662802123165754	0.8207120548945842	-0.08373370087004842	0.10322434497736385	0.5458468305413287	0.0413714063097982	0.3008654551976909	-0.07999209383519498	0.2253358218013889	-0.039193450432090174	0.16654633718387227
0.528794470951355	0.35257332063878316	0.014199427708899912	-0.10050506951964434	0.05677447545096323	-0.2714296738914571	0.21294070210836416	-0.08600606447048025	0.16384150670320102	-0.2535549740067977	0.5849372882209605	0.37231648752551705	0.23513359550959695	0.61409549160661	0.07645344456408384	-0.03966474376502349	0.42487064499402594	-0.09308657418014478	0.15703771505529696	-0.21928613025329693	0.416992622726756	0.7174109159593074	-0.09581247581513697	-0.1472384813072188	0.14179407586013404	0.14722799656732688	-0.046942884479155844	0.2864734470092426	0.1422290457473906	0.5255239162953277	-0.03018053907438112	0.39120915394357775	0.18734635027750318	-0.16485038843891275	-0.2934349455430205	0.42438218204174405	0.3033098383414625	0.8219274642123777	0.22035382761212313	0.4065377261086642	0.2056488449285137	0.19073027788479696	0.3233623048872564	0.5030125646768923	0.368045732284366	0.20212686106883804	-0.04150417755174146	0.28870096267033135	-0.23040685891018328	-0.174677566560608	0.26167543869688303	0.04187734780266883	0.44343201109010594	-0.09211449402773575	0.7905700440371706	-0.1405726839832844	0.06487462548235498	0.5336289871080754	0.030077846322502627	0.3764320326386605	-0.14554734394360655	0.22175127896360425	0.0054476566950306116	-0.023659126222140427
0.5211900865284035	0.37567951620839274	0.23946269170150572	-0.03597953635385881	-0.02246365215322657	-0.1579396663110838	0.07797733404327309	0.03826929297689427	0.05002161128026604	-0.22241952941572976	0.5097299921662499	0.25788161718195013	0.201940639446824	0.5451915809516814	0.12982984509605902	-0.105515434613219	0.436104573590288	-0.1880075980430868	0.30242731974467185	-0.2670607670895966	0.3869800070990332	0.7711109928988404	-0.07145157189351391	-0.17848120879339396	0.09486617309755348	0.21778479648988322	-0.04256413119330413	0.16528211697895168	-0.00872133767252338	0.49268401776407755	0.030373986545373627	0.3589797344382024	0.289809886673083	-0.12318546773822171	-0.37205564052503926	0.3592618859072181	0.34285508703668743	0.8062239967230314	0.29034939548084454	0.25445540668182964	0.21903745592548823	0.19168583011975254	0.180400235911551	0.47104409372328004	0.3759612636727785	0.3127591627276144	-0.04238934939072822	0.4164639983314485	-0.2980119631476601	-0.16961267609293307	0.2709671114428073	-0.06970393401959321	0.4337727018282064	-0.22057085648701583	0.7634744082223135	-0.12621376584871152	0.12023853929982432	0.6070587775300831	0.14813790960360737	0.3950837047835081	-0.07090089966866872	0.2607360614973827	0.10663867463193648	-0.20642472446202975
0.5304500452227332	0.42036338472557644	0.15270556043327155	-0.03620247727649764	0.01015855607525104	-0.11472155929795588	0.09196435090397045	0.06007766278298302	0.11923962214005142	-0.29796202377139025	0.48583536326220944	0.262299871476687	0.21625557525770941	0.5288728190530111	0.09128090079513962	-0.057278039393503885	0.39511172710254194	-0.188839382746133	0.28572984561975706	-0.2636278863683317	0.45546273245101726	0.7776655566378492	-0.09171196288823649	-0.19633359305576045	0.06143211793131452	0.23967307901162654	-0.02090481227351218	0.16193525227027772	0.01889064380203119	0.46315531507878344	-0.044006090179588425	0.33333774087804774	0.2391368741799385	-0.09861207846878496	-0.3068774496481158	0.40832116045829464	0.3040612674594265	0.7743276254839967	0.32291271399462085	0.3227931533346079	0.21711687332117233	0.19459206768009746	0.2608832436207652	0.538061206983405	0.3353528279219004	0.26522455651406	-0.04283550495635441	0.3810903192410384	-0.2806874299912987	-0.17697942485391777	0.31117961843953856	-0.11043228282909692	0.41487005962166584	-0.23530730584135612	0.8551686464880823	-0.0861506723010256	0.16444098721526074	0.5524992043879455	0.15680850696485105	0.3369633314600958	-0.10524480837257066	0.276204028747681	0.0726338441078714	-0.17297351132561573
0.5345182865806428	0.4039615841039928	0.21728584312886046	-0.12829252251590884	0.028389816733102327	-0.15989276302681588	0.10325205335289878	0.0730887802983487	0.013055698494068721	-0.25882484268166805	0.46867794602749235	0.2633316241910679	0.1960490566361347	0.5333807221220368	0.08721951928523149	-0.04383800351221799	0.44372933829661476	-0.11576553605236041	0.2776066203540025	-0.2971569332528962	0.44514151650459477	0.7966247440034948	-0.08764342797684033	-0.1634165741109683	0.1251748963550767	0.2140606845337063	-0.07395053678689291	0.22772423107810336	0.029522128687985483	0.5303577631137674	0.04316243906196182	0.37553021581267304	0.28378900284882674	-0.1590050633607459	-0.3202509414353295	0.3744687264390556	0.3100656311066441	0.8092997694286859	0.2740710859467489	0.2614470143400965	0.21573355753940912	0.14780996540852098	0.20633046489983783	0.559802756792811	0.39082775285268867	0.2828899763775352	-0.03672407986259811	0.43522868659909253	-0.32146522640311803	-0.2023088831479467	0.2746335806098654	-0.04090960220514864	0.4547505295926638	-0.16910681775122313	0.7874584849800127	-0.05902983946058754	0.09294136746567538	0.5630023919767071	0.09553150260861401	0.34870735803787256	-0.07357369160375904	0.24294458113923958	0.10491489084255018	-0.16077401319016868
0.5116188228461225	0.3280276904368995	0.1728548417044286	-0.17564031418847686	0.06618777989101599	-0.21386754094456348	0.15984154138485765	0.06407465102307018	0.019786942373301933	-0.1528359719070804	0.5377987578749568	0.3993963200555326	0.23175456317390838	0.5621758053303471	0.07348867822841383	-0.05649201290376048	0.43804603692919497	-0.0471871462415554	0.23696480319493715	-0.23397730167070055	0.38954628904274785	0.6860078251075755	-0.05088531400217178	-0.13900340330213046	0.17823664648913903	0.19971319978415336	-0.1066652866467291	0.36983844603703564	0.057104240487560354	0.5910699981243054	0.008529619674699285	0.40481864006388757	0.20361044127559752	-0.14470081661898931	-0.24764624199507504	0.46066755191726144	0.3449175994222329	0.8003876124837377	0.20759443269070277	0.3466193808930132	0.259429874223298	0.17508525168715733	0.17933897915985997	0.644387054449457	0.39282952754236633	0.22342463148410907	-0.08361876796408492	0.43269895639294736	-0.2760448860772625	-0.23595102000957285	0.26851098479420626	0.14736407868836748	0.4708950008662685	-0.10648625934556533	0.7700719045690491	-0.07817912093558455	-0.003524031338795572	0.4947441475452772	0.0301676722717327	0.3213288097520798	-0.17031148556514158	0.16234997338150636	0.059316855803750915	-0.06768179980671603
0.5640420508490324	0.34233979622295563	-0.024433260981031074	-0.14688394722036635	0.12899624996346967	-0.2550731235013976	0.2582504131163382	-0.08418394326224812	0.1776395546088917	-0.07304890468738888	0.6341436986618106	0.5017257988257071	0.25062194367305674	0.5916913324206311	0.02543525969826945	0.03314176761255931	0.3601927487236341	0.04856612477607132	0.15036949268834016	-0.10472236259516246	0.4150968672749984	0.5954144557419456	0.041389848359537455	-0.1087589896824471	0.12794795097473396	0.08231545578222915	-0.06569667490052568	0.40960553863911797	0.20841374300003718	0.6659574797186824	-0.03829391360538589	0.4386016776490639	0.03827592991516319	-0.13654430778849408	-0.1464958569553036	0.5150171475728827	0.3022541459524368	0.715845153070059	0.1173002981812481	0.4047246571149497	0.20315867142920863	0.16308288321316022	0.3029219525020436	0.7648122395513374	0.35790476155567064	0.08143168741133444	-0.03578830934853512	0.3264388066580234	-0.14392401482755032	-0.22646731927148053	0.22819379901345085	0.36278666641361684	0.4310741790069112	0.0111045469360746	0.7694317306489908	-0.07947603344545592	-0.07020599958161416	0.3640348012211901	-0.08932636200623936	0.22862227992009668	-0.23634777853387356	0.1257406728572063	-0.006340764174597169	0.14302817669922394
0.48136346183991613	0.43498374675076174	-0.1298013188705345	-0.1510597943842641	0.14236581906836066	-0.2526104824295605	0.25244104274828744	-0.0753734319467155	0.10371071627502434	-0.30000928341797173	0.42517099894979277	0.3783807213213438	0.3080621833567932	0.589785809414707	-0.013640053077852928	0.09399418646134064	0.3343640980444787	-0.018368217687070497	0.06222653751403806	-0.2350734505230336	0.4503782722365935	0.6997407456571223	-0.08087283191121393	-0.13825408642182813	0.15254361541516448	0.10002605289827692	-0.05089372728627296	0.3367528462555128	0.24481164554319562	0.5574619929488158	0.02484767289461215	0.3314231947365629	0.12320364714774307	-0.17293632537613074	-0.276015873053354	0.397517254206352	0.16476914601242457	0.8147781340756446	0.19501961298419496	0.554697682240754	0.16347323622631912	0.12279115146776726	0.40956733374223037	0.5918022440728546	0.2563066838734392	0.1954068293281333	0.21175381969124438	0.15892239930741797	-0.261949781515356	-0.16249913386125953	0.3006897520252716	-0.02636593184588243	0.445025333615233	-0.020331578780486165	0.8247016345128366	-0.01653750476527857	0.14344022619869787	0.4025772891848799	-0.035176434151782496	0.19079857978516382	-0.15824836254227964	0.19066992924743623	-0.09711867437582569	0.13415559804525176
0.530844724262128	0.462623874700434	0.08647425351637936	-0.10552516683288476	0.023355705466540755	-0.1572774202668037	0.02144933476823655	0.11212252829935324	0.0579640649709432	-0.2163973130406959	0.4539988252062326	0.21996555901556966	0.17383555609971324	0.522284198551023	0.01117086880985729	-0.06751896850422617	0.4288774033663182	-0.18798741549882086	0.2814517459466641	-0.2827380209510073	0.4276126441694743	0.8745184822888673	-0.0009074735531722361	-0.1787233337797744	0.05759858607768378	0.2306335923565611	-0.028365132642306362	0.20591498784641205	0.08608504092572139	0.5125403415779679	0.06653613334364447	0.3553776582385849	0.20776451126356582	-0.18393829433158324	-0.37594954685243076	0.32063423400526636	0.2899815572281023	0.8036841290816016	0.31116563827259885	0.32646703710050196	0.13455538337499143	0.1666089747900047	0.28072527077761655	0.5781266159840919	0.361349139696979	0.309705677483741	0.11729701781942992	0.341156540188375	-0.3854352694751279	-0.14521106487277616	0.26624621638145657	-0.1380580673743599	0.4552853349221155	-0.1864826831545793	0.8093178429940381	-0.010574036258459069	0.15209462877933055	0.6080353800026723	0.15772355346252898	0.3370412991561625	-0.06153395323582292	0.32597308870668373	0.08280850971344955	-0.014162285904324064
0.5068917718203423	0.46599966241489543	0.027636779898863255	-0.14028751112043292	0.08431811421749291	-0.20297608857766344	0.0840150093849413	0.07421218832467477	0.10405495646132595	-0.24161104709060563	0.5141115010421835	0.2665387625090559	0.1665200599898241	0.5398570292848835	0.013060828663836392	-0.029409734358795604	0.4273508208607882	-0.12436341634774482	0.22254695368114785	-0.26214928156559447	0.4360267874825719	0.8761329209451062	-0.05258765872592411	-0.17470560199149093	0.10159186366830521	0.240255975968196	-0.029597924689755875	0.23260542691718022	0.09917047938355272	0.5584343371508441	0.0473954915003362	0.37672871081135845	0.17685135106801866	-0.24190517991021468	-0.34433869140023565	0.35479427343691783	0.2837562689462644	0.824571607129623	0.25972643593970046	0.3677389156468923	0.16161140415760805	0.15657017105878082	0.28585836012436994	0.5905983697903283	0.38867474514558326	0.2653533301757622	0.10062416323577354	0.31703516952320543	-0.3291627554181706	-0.15124862120014687	0.2461271523794378	-0.07851834177734884	0.4847944716055574	-0.09404406076289928	0.8278504949125975	-0.021194960116911493	0.13022054030937613	0.5590013845282129	0.11878287647195443	0.34873706199210375	-0.10393368429186386	0.30953820730910053	0.03821474870974503	0.013710214847367494
0.5727082313292191	0.4555399275256399	-0.003329260958216826	-0.07237725156871933	0.12763659091112142	-0.1887447389915494	0.178933247004468	0.06195088642541599	0.18478919293822071	-0.3204194833418183	0.5356106926320131	0.3233449151628571	0.25729102598022996	0.5430636090774882	0.03828071350562727	-0.0021995899588383473	0.37865244847106805	-0.13592219774024378	0.2702358174852696	-0.21299642642184669	0.4664413492567002	0.8483021244496002	-0.13071380847498565	-0.20226866212707303	0.12348675942806134	0.2661563563110849	-0.0024787531736306934	0.2095997883651129	0.15979792095699855	0.5078972920714115	0.006818619197693415	0.31016416653819356	0.03815282821061978	-0.1454271018268181	-0.20263187115906323	0.44426966881554114	0.20228281447749996	0.7374524617889362	0.2103879240288481	0.4949553086459435	0.2043606739855105	0.19647092312967218	0.3077451206753377	0.7210539687502172	0.3066062038575052	0.24468699982379258	0.06336506573092121	0.21306718208529427	-0.3300664700330596	-0.1127409793424605	0.255413437710829	-0.04087545249209168	0.4621736542580705	-0.025580610577084176	0.9062759243113314	0.012901890280094613	0.2218944193687404	0.501024995501237	0.10861655785338252	0.3145566320264934	-0.1318341488157117	0.36505999084639945	-0.06064436632581138	0.000680546036624527
0.6019003163165133	0.3924135536810655	-0.16887508439070897	-0.15951704891980073	0.2579871461412911	-0.28831351578610226	0.28751510091385574	-0.11276808821674843	0.3094333975976125	-0.43531191001636727	0.6140200863515852	0.3561870622182184	0.20105313297004376	0.5064935782807762	0.06719387469054809	0.11498863795395262	0.3835629493694079	0.12418717731064528	0.14591657773423355	-0.10156826926628085	0.5043915930085121	0.6756711094781154	-0.16956850793158879	-0.10188413671955354	0.2801166006601834	0.10104461795134684	-0.04242434916113015	0.2998653830865338	0.3784589756545963	0.5151082409424967	-0.087307302724353	0.23977905867360325	0.02499844218485351	-0.1597337087658694	-0.10389471994305072	0.44217616793302605	0.1385858907584633	0.662709148712581	0.17680775280572042	0.5048184418636806	0.11495101202224345	0.059557006361488175	0.4653917532327062	0.6825653775120867	0.3341161616458234	0.1417469802487862	0.18349526004094174	0.08489063927549287	-0.22606790371909302	-0.1762824035045912	0.26652098268034746	0.18531395071090562	0.3999378693828255	0.16695981123212653	0.866699429774037	0.16711810748974537	0.204390174741372	0.28597196774654426	-0.06493042841814675	0.21894939951185716	-0.12703730320496598	0.3372753690795659	-0.13255137392283828	0.21098667434445872
0.3250703168712168	0.2587878007831604	0.027169165774092653	-0.41898598216985383	0.23707120748851118	-0.194661156045018	0.13929518072809985	0.10306729556813474	0.07144181326729877	0.06555876577609698	0.5347112688431569	0.43586338770963473	0.1003901850130578	0.4771711644727393	0.08987730786570527	0.0905246517171335	0.32872391104127036	0.0030898131144994276	0.23932708699052	-0.0937353188028161	0.4022352225720797	0.4915354071416159	0.15422079313294407	-0.36577035118579526	0.2002029356262194	0.1252630454274724	0.24534997579370266	0.37018603889944257	-0.07495222393092839	0.6060943872860822	-0.13026789688708568	0.437882874175057	0.17662868993762068	-0.26198987972493026	-0.22968109519313215	0.30018017217189785	0.25689462159307375	0.9351744834544915	0.3705343166200913	0.47885341029254913	0.1872439311175637	0.07827386676645429	0.28790184048174794	0.4568566289308246	0.2180447287155063	-0.030944316360557944	0.2374947574383229	0.24834033707515993	0.1682119342211079	0.08594367966277065	0.556818269929308	0.5755443608708035	0.5779388969570923	0.26453976984325495	1.001761893578761	-0.11299152041763211	-0.08731498391708897	0.3025614316135542	-0.03538136994975914	0.21173439196863503	-0.06965949107141274	0.27976678009943845	0.1910280520593291	-0.03435578171597244
